{"timestamp":"1.7.2024, 11:25:02","level":"error","message":"Error connecting to the database database \"todoList\" does not exist"}
{"timestamp":"1.7.2024, 11:26:52","level":"error","message":"Error connecting to the database database \"todolist\" does not exist"}
{"timestamp":"1.7.2024, 11:27:30","level":"info","message":"Connected to the database"}
{"timestamp":"1.7.2024, 11:27:30","level":"info","message":"Server is running on http://localhost:4000/graphql"}
{"timestamp":"1.7.2024, 11:29:24","level":"info","message":"Connected to the database"}
{"timestamp":"1.7.2024, 11:29:24","level":"info","message":"Server is running on http://localhost:4000/graphql"}
{"timestamp":"1.7.2024, 11:39:26","level":"info","message":"Connected to the database"}
{"timestamp":"1.7.2024, 11:39:26","level":"info","message":"Server is running on http://localhost:4000/graphql"}
{"timestamp":"1.7.2024, 11:40:52","level":"info","message":"Connected to the database"}
{"timestamp":"1.7.2024, 11:40:52","level":"info","message":"Server is running on http://localhost:4000/graphql"}
{"timestamp":"1.7.2024, 11:41:06","level":"info","message":"Connected to the database"}
{"timestamp":"1.7.2024, 11:41:06","level":"info","message":"Server is running on http://localhost:4000/graphql"}
{"timestamp":"1.7.2024, 11:51:26","level":"info","message":"Connected to the database"}
{"timestamp":"1.7.2024, 11:51:26","level":"info","message":"Server is running on http://localhost:4000/graphql"}
{"timestamp":"1.7.2024, 14:01:51","level":"info","message":"Connected to the database"}
{"timestamp":"1.7.2024, 14:01:51","level":"info","message":"Server is running on http://localhost:4000/graphql"}
{"timestamp":"1.7.2024, 14:04:27","level":"error","message":"Error connecting to the database schema \"todoList\" does not exist"}
{"timestamp":"1.7.2024, 14:04:44","level":"error","message":"Error connecting to the database schema \"todoךist\" does not exist"}
{"timestamp":"1.7.2024, 14:04:47","level":"error","message":"Error connecting to the database column \"description\" of relation \"todo_list\" contains null values"}
{"timestamp":"1.7.2024, 14:11:02","level":"error","message":"Error connecting to the database column \"description\" of relation \"todo_list\" contains null values"}
{"timestamp":"1.7.2024, 14:16:44","level":"error","message":"Error connecting to the database column \"description\" of relation \"todo_list\" contains null values"}
{"timestamp":"1.7.2024, 14:16:55","level":"error","message":"Error connecting to the database column \"description\" of relation \"todo_list\" contains null values"}
{"timestamp":"1.7.2024, 14:20:11","level":"error","message":"Error connecting to the database column \"description\" of relation \"todo_list\" contains null values"}
{"timestamp":"1.7.2024, 14:22:09","level":"error","message":"Error connecting to the database column \"description\" of relation \"todo_list\" contains null values"}
{"timestamp":"1.7.2024, 14:26:30","level":"error","message":"Error connecting to the database column \"description\" of relation \"todo_list\" contains null values"}
{"timestamp":"1.7.2024, 14:26:45","level":"error","message":"Error connecting to the database column \"description\" of relation \"todo_list\" contains null values"}
{"timestamp":"1.7.2024, 14:27:04","level":"error","message":"Error connecting to the database column \"description\" of relation \"todo_list\" contains null values"}
{"timestamp":"1.7.2024, 14:29:13","level":"error","message":"Error connecting to the database column \"description\" of relation \"todo_list\" contains null values"}
{"timestamp":"1.7.2024, 14:29:25","level":"error","message":"Error connecting to the database column \"description\" of relation \"todo_list\" contains null values"}
{"timestamp":"1.7.2024, 14:29:36","level":"error","message":"Error connecting to the database column \"description\" of relation \"todo_list\" contains null values"}
{"timestamp":"1.7.2024, 14:29:45","level":"error","message":"Error connecting to the database column \"description\" of relation \"todo_list\" contains null values"}
{"timestamp":"1.7.2024, 14:29:59","level":"error","message":"Error connecting to the database column \"description\" of relation \"todo_list\" contains null values"}
{"timestamp":"1.7.2024, 14:30:08","level":"error","message":"Error connecting to the database column \"description\" of relation \"todo_list\" contains null values"}
{"timestamp":"1.7.2024, 14:34:55","level":"error","message":"Error connecting to the database column \"description\" of relation \"todo_list\" contains null values"}
{"timestamp":"1.7.2024, 14:35:03","level":"error","message":"Error connecting to the database column \"description\" of relation \"todo_list\" contains null values"}
{"timestamp":"1.7.2024, 14:38:11","level":"error","message":"Error connecting to the database column \"status\" of relation \"todo_list\" contains null values"}
{"timestamp":"1.7.2024, 14:39:39","level":"error","message":"Error connecting to the database column \"status\" of relation \"todo_list\" contains null values"}
{"timestamp":"1.7.2024, 14:40:22","level":"error","message":"Error connecting to the database column \"status\" of relation \"todo_list\" contains null values"}
{"timestamp":"1.7.2024, 14:40:25","level":"error","message":"Error connecting to the database column \"status\" of relation \"todo_list\" contains null values"}
{"timestamp":"1.7.2024, 14:40:27","level":"error","message":"Error connecting to the database column \"status\" of relation \"todo_list\" contains null values"}
{"timestamp":"1.7.2024, 14:41:41","level":"error","message":"Error connecting to the database column \"status\" of relation \"todo_list\" contains null values"}
{"timestamp":"1.7.2024, 14:42:37","level":"error","message":"Error connecting to the database column \"status\" of relation \"todo_list\" contains null values"}
{"timestamp":"1.7.2024, 14:47:10","level":"error","message":"Error connecting to the database Column \"status\" of Entity \"Todo\" is defined as enum, but missing \"enum\" or \"enumName\" properties."}
{"timestamp":"1.7.2024, 14:47:44","level":"error","message":"Error connecting to the database Cannot read properties of undefined (reading 'map')"}
{"timestamp":"1.7.2024, 14:49:05","level":"error","message":"Error connecting to the database column \"status\" of relation \"todo_list\" contains null values"}
{"timestamp":"1.7.2024, 14:50:15","level":"error","message":"Error connecting to the database column \"status\" of relation \"todo_list\" contains null values"}
{"timestamp":"1.7.2024, 14:51:33","level":"error","message":"Error connecting to the database column \"status\" of relation \"todo_list\" contains null values"}
{"timestamp":"1.7.2024, 14:53:18","level":"error","message":"Error connecting to the database column \"status\" of relation \"todo_list\" contains null values"}
{"timestamp":"1.7.2024, 14:53:29","level":"error","message":"Error connecting to the database column \"status\" of relation \"todo_list\" contains null values"}
{"timestamp":"1.7.2024, 14:55:16","level":"error","message":"Error connecting to the database column \"status\" of relation \"todo_list\" contains null values"}
{"timestamp":"1.7.2024, 14:55:24","level":"error","message":"Error connecting to the database column \"status\" of relation \"todo_list\" contains null values"}
{"timestamp":"1.7.2024, 15:08:02","level":"error","message":"Error connecting to the database column \"status\" of relation \"todo_list\" contains null values"}
{"timestamp":"1.7.2024, 15:08:05","level":"info","message":"Connected to the database"}
{"timestamp":"1.7.2024, 15:08:05","level":"info","message":"Server is running on http://localhost:4000/graphql"}
{"timestamp":"1.7.2024, 15:08:12","level":"info","message":"Connected to the database"}
{"timestamp":"1.7.2024, 15:08:12","level":"info","message":"Server is running on http://localhost:4000/graphql"}
{"timestamp":"1.7.2024, 15:26:06","level":"error","message":"Error connecting to the database invalid input value for enum todolist.status_enum: \"0\""}
{"timestamp":"1.7.2024, 15:34:58","level":"info","message":"Connected to the database"}
{"timestamp":"1.7.2024, 15:34:58","level":"info","message":"Server is running on http://localhost:4000/graphql"}
{"timestamp":"1.7.2024, 15:42:38","level":"info","message":"Connected to the database"}
{"timestamp":"1.7.2024, 15:42:38","level":"info","message":"Server is running on http://localhost:4000/graphql"}
{"timestamp":"1.7.2024, 15:42:41","level":"info","message":"Connected to the database"}
{"timestamp":"1.7.2024, 15:42:41","level":"info","message":"Server is running on http://localhost:4000/graphql"}
{"timestamp":"1.7.2024, 15:42:45","level":"info","message":"Connected to the database"}
{"timestamp":"1.7.2024, 15:42:45","level":"info","message":"Server is running on http://localhost:4000/graphql"}
{"timestamp":"1.7.2024, 15:42:47","level":"info","message":"Connected to the database"}
{"timestamp":"1.7.2024, 15:42:47","level":"info","message":"Server is running on http://localhost:4000/graphql"}
{"timestamp":"1.7.2024, 15:46:40","level":"info","message":"Connected to the database"}
{"timestamp":"1.7.2024, 15:46:40","level":"info","message":"Server is running on http://localhost:4000/graphql"}
{"timestamp":"1.7.2024, 15:46:59","level":"info","message":"Connected to the database"}
{"timestamp":"1.7.2024, 15:46:59","level":"info","message":"Server is running on http://localhost:4000/graphql"}
{"timestamp":"1.7.2024, 15:47:37","level":"info","message":"Connected to the database"}
{"timestamp":"1.7.2024, 15:47:37","level":"info","message":"Server is running on http://localhost:4000/graphql"}
{"timestamp":"1.7.2024, 15:49:15","level":"info","message":"Connected to the database"}
{"timestamp":"1.7.2024, 15:49:15","level":"info","message":"Server is running on http://localhost:4000/graphql"}
{"timestamp":"1.7.2024, 15:50:17","level":"info","message":"Connected to the database"}
{"timestamp":"1.7.2024, 15:50:17","level":"info","message":"Server is running on http://localhost:4000/graphql"}
{"timestamp":"1.7.2024, 15:50:23","level":"info","message":"Connected to the database"}
{"timestamp":"1.7.2024, 15:50:23","level":"info","message":"Server is running on http://localhost:4000/graphql"}
{"timestamp":"1.7.2024, 15:55:24","level":"info","message":"Connected to the database"}
{"timestamp":"1.7.2024, 15:55:24","level":"info","message":"Server is running on http://localhost:4000/graphql"}
{"timestamp":"1.7.2024, 15:57:38","level":"info","message":"Starting server..."}
{"timestamp":"1.7.2024, 15:57:38","level":"info","message":"Connected to the database"}
{"timestamp":"1.7.2024, 15:57:38","level":"info","message":"Server is running on http://localhost:4000/graphql"}
{"timestamp":"1.7.2024, 15:57:51","level":"info","message":"Received request: POST /graphql?"}
{"timestamp":"1.7.2024, 16:00:17","level":"info","message":"Starting server..."}
{"timestamp":"1.7.2024, 16:00:17","level":"info","message":"Connected to the database"}
{"timestamp":"1.7.2024, 16:00:17","level":"info","message":"Server is running on http://localhost:4000/graphql"}
{"timestamp":"1.7.2024, 16:00:26","level":"info","message":"Starting server..."}
{"timestamp":"1.7.2024, 16:00:26","level":"info","message":"Connected to the database"}
{"timestamp":"1.7.2024, 16:00:26","level":"info","message":"Server is running on http://localhost:4000/graphql"}
{"timestamp":"1.7.2024, 16:00:31","level":"info","message":"Received request: POST /graphql?"}
{"timestamp":"1.7.2024, 16:04:29","level":"info","message":"Received request: POST /graphql"}
{"timestamp":"1.7.2024, 16:07:13","level":"info","message":"Received request: POST /graphql?"}
{"timestamp":"1.7.2024, 16:11:49","level":"info","message":"Starting server..."}
{"timestamp":"1.7.2024, 16:11:49","level":"info","message":"Connected to the database"}
{"timestamp":"1.7.2024, 16:11:49","level":"info","message":"Server is running on http://localhost:4000/graphql"}
{"timestamp":"1.7.2024, 16:12:28","level":"info","message":"Starting server..."}
{"timestamp":"1.7.2024, 16:12:29","level":"info","message":"Connected to the database"}
{"timestamp":"1.7.2024, 16:12:29","level":"info","message":"Server is running on http://localhost:4000/graphql"}
{"timestamp":"1.7.2024, 16:13:14","level":"info","message":"Received request: POST /graphql?"}
{"timestamp":"1.7.2024, 16:13:16","level":"info","message":"Received request: POST /graphql?"}
{"timestamp":"1.7.2024, 16:13:16","level":"info","message":"Received request: POST /graphql?"}
{"timestamp":"1.7.2024, 16:13:17","level":"info","message":"Received request: POST /graphql?"}
{"timestamp":"1.7.2024, 16:41:30","level":"info","message":"Received request: POST /graphql?"}
{"timestamp":"1.7.2024, 16:41:30","level":"info","message":"Received request: POST /graphql?"}
{"timestamp":"1.7.2024, 16:41:30","level":"info","message":"Received request: POST /graphql?"}
{"timestamp":"1.7.2024, 16:41:30","level":"info","message":"Received request: POST /graphql?"}
{"timestamp":"1.7.2024, 16:41:30","level":"info","message":"Received request: POST /graphql?"}
{"timestamp":"1.7.2024, 16:41:31","level":"info","message":"Received request: POST /graphql?"}
{"timestamp":"1.7.2024, 16:41:31","level":"info","message":"Received request: POST /graphql?"}
{"timestamp":"1.7.2024, 16:42:06","level":"info","message":"Received request: POST /graphql?"}
{"timestamp":"1.7.2024, 16:47:31","level":"info","message":"Starting server..."}
{"timestamp":"1.7.2024, 16:47:41","level":"info","message":"Starting server..."}
{"timestamp":"1.7.2024, 16:47:41","level":"info","message":"Connected to the database"}
{"timestamp":"1.7.2024, 16:47:41","level":"info","message":"Server is running on http://localhost:4000/graphql"}
{"timestamp":"1.7.2024, 16:50:59","level":"info","message":"Starting server..."}
{"timestamp":"1.7.2024, 16:50:59","level":"info","message":"Connected to the database"}
{"timestamp":"1.7.2024, 16:50:59","level":"info","message":"Server is running on http://localhost:4000/graphql"}
{"timestamp":"1.7.2024, 16:51:22","level":"info","message":"Received request: POST /graphql?"}
{"timestamp":"1.7.2024, 16:51:29","level":"info","message":"Received request: POST /graphql?"}
{"timestamp":"1.7.2024, 16:51:35","level":"info","message":"Starting server..."}
{"timestamp":"1.7.2024, 16:51:36","level":"info","message":"Connected to the database"}
{"timestamp":"1.7.2024, 16:51:36","level":"info","message":"Server is running on http://localhost:4000/graphql"}
{"timestamp":"1.7.2024, 16:51:48","level":"info","message":"Starting server..."}
{"timestamp":"1.7.2024, 16:51:48","level":"info","message":"Connected to the database"}
{"timestamp":"1.7.2024, 16:51:48","level":"info","message":"Server is running on http://localhost:4000/graphql"}
{"timestamp":"1.7.2024, 16:51:50","level":"info","message":"Received request: POST /graphql?"}
{"timestamp":"1.7.2024, 16:53:45","level":"info","message":"Received request: GET /unfetch.umd.js.map"}
{"timestamp":"1.7.2024, 16:53:45","level":"info","message":"Received request: GET /graphiql.min.js.map"}
{"timestamp":"1.7.2024, 16:53:58","level":"info","message":"Received request: GET /graphql"}
{"timestamp":"1.7.2024, 16:54:14","level":"info","message":"Received request: GET /"}
{"timestamp":"1.7.2024, 16:54:17","level":"info","message":"Received request: GET /"}
{"timestamp":"1.7.2024, 17:07:38","level":"info","message":"Starting server..."}
{"timestamp":"1.7.2024, 17:07:38","level":"info","message":"Connected to the database"}
{"timestamp":"1.7.2024, 17:07:38","level":"info","message":"Server is running on http://localhost:4000/graphql"}
{"timestamp":"2.7.2024, 9:40:58","level":"info","message":"Starting server..."}
{"timestamp":"2.7.2024, 9:40:58","level":"info","message":"Connected to the database"}
{"timestamp":"2.7.2024, 9:40:58","level":"info","message":"Server is running on http://localhost:4000/graphql"}
{"timestamp":"2.7.2024, 9:42:28","level":"info","message":"Starting server..."}
{"timestamp":"2.7.2024, 9:42:29","level":"info","message":"Connected to the database"}
{"timestamp":"2.7.2024, 9:42:29","level":"info","message":"Server is running on http://localhost:4000/graphql"}
{"timestamp":"2.7.2024, 9:43:12","level":"info","message":"Received request: GET /graphql"}
{"timestamp":"2.7.2024, 9:43:13","level":"info","message":"Received request: POST /graphql"}
{"timestamp":"2.7.2024, 9:43:15","level":"info","message":"Received request: POST /graphql"}
{"timestamp":"2.7.2024, 9:43:15","level":"info","message":"Received request: POST /graphql"}
{"timestamp":"2.7.2024, 9:43:17","level":"info","message":"Received request: POST /graphql"}
{"timestamp":"2.7.2024, 9:43:19","level":"info","message":"Received request: POST /graphql"}
{"timestamp":"2.7.2024, 9:43:21","level":"info","message":"Received request: POST /graphql"}
{"timestamp":"2.7.2024, 9:43:23","level":"info","message":"Received request: POST /graphql"}
{"timestamp":"2.7.2024, 9:43:25","level":"info","message":"Received request: POST /graphql"}
{"timestamp":"2.7.2024, 9:43:27","level":"info","message":"Received request: POST /graphql"}
{"timestamp":"2.7.2024, 9:43:56","level":"info","message":"Received request: POST /graphql"}
{"timestamp":"2.7.2024, 9:43:57","level":"info","message":"Received request: POST /graphql"}
{"timestamp":"2.7.2024, 9:44:35","level":"info","message":"Starting server..."}
{"timestamp":"2.7.2024, 9:44:35","level":"info","message":"Connected to the database"}
{"timestamp":"2.7.2024, 9:44:35","level":"info","message":"Server is running on http://localhost:4000/graphql"}
{"timestamp":"2.7.2024, 9:44:37","level":"info","message":"Received request: POST /graphql"}
{"timestamp":"2.7.2024, 9:44:38","level":"info","message":"Received request: POST /graphql"}
{"timestamp":"2.7.2024, 9:44:48","level":"info","message":"Received request: POST /graphql"}
{"timestamp":"2.7.2024, 9:44:50","level":"info","message":"Received request: POST /graphql"}
{"timestamp":"2.7.2024, 9:44:52","level":"info","message":"Received request: POST /graphql"}
{"timestamp":"2.7.2024, 9:44:54","level":"info","message":"Received request: POST /graphql"}
{"timestamp":"2.7.2024, 9:44:56","level":"info","message":"Received request: POST /graphql"}
{"timestamp":"2.7.2024, 9:44:58","level":"info","message":"Received request: POST /graphql"}
{"timestamp":"2.7.2024, 9:45:00","level":"info","message":"Received request: POST /graphql"}
{"timestamp":"2.7.2024, 9:45:01","level":"info","message":"Received request: GET /graphql"}
{"timestamp":"2.7.2024, 9:45:03","level":"info","message":"Received request: POST /graphql"}
{"timestamp":"2.7.2024, 9:45:04","level":"info","message":"Received request: POST /graphql"}
{"timestamp":"2.7.2024, 9:45:04","level":"info","message":"Received request: POST /graphql"}
{"timestamp":"2.7.2024, 9:45:06","level":"info","message":"Received request: POST /graphql"}
{"timestamp":"2.7.2024, 9:45:08","level":"info","message":"Received request: POST /graphql"}
{"timestamp":"2.7.2024, 9:45:10","level":"info","message":"Received request: POST /graphql"}
{"timestamp":"2.7.2024, 9:45:12","level":"info","message":"Received request: POST /graphql"}
{"timestamp":"2.7.2024, 9:45:14","level":"info","message":"Received request: POST /graphql"}
{"timestamp":"2.7.2024, 9:45:16","level":"info","message":"Received request: POST /graphql"}
{"timestamp":"2.7.2024, 9:45:18","level":"info","message":"Received request: POST /graphql"}
{"timestamp":"2.7.2024, 10:00:32","level":"info","message":"Starting server..."}
{"timestamp":"2.7.2024, 10:00:33","level":"info","message":"Connected to the database"}
{"timestamp":"2.7.2024, 10:00:33","level":"error","message":"Error connecting to the database Unknown type \"Status\".\n\nUnknown type \"Status\".\n\nUnknown type \"Status\"."}
{"timestamp":"2.7.2024, 10:00:48","level":"info","message":"Starting server..."}
{"timestamp":"2.7.2024, 10:00:49","level":"info","message":"Connected to the database"}
{"timestamp":"2.7.2024, 10:00:49","level":"info","message":"Server is running on http://localhost:4000/graphql"}
{"timestamp":"2.7.2024, 10:00:59","level":"info","message":"Received request: POST /graphql"}
{"timestamp":"2.7.2024, 10:01:06","level":"info","message":"Received request: POST /graphql"}
{"timestamp":"2.7.2024, 10:01:06","level":"info","message":"Received request: POST /graphql"}
{"timestamp":"2.7.2024, 10:01:08","level":"info","message":"Received request: POST /graphql"}
{"timestamp":"2.7.2024, 10:01:16","level":"info","message":"Received request: POST /graphql"}
{"timestamp":"2.7.2024, 10:01:21","level":"info","message":"Received request: POST /graphql"}
{"timestamp":"2.7.2024, 10:01:21","level":"info","message":"Received request: POST /graphql"}
{"timestamp":"2.7.2024, 10:01:24","level":"info","message":"Received request: POST /graphql"}
{"timestamp":"2.7.2024, 10:01:25","level":"info","message":"Received request: POST /graphql"}
{"timestamp":"2.7.2024, 10:01:33","level":"info","message":"Received request: POST /graphql"}
{"timestamp":"2.7.2024, 10:01:35","level":"info","message":"Received request: POST /graphql"}
{"timestamp":"2.7.2024, 10:01:37","level":"info","message":"Received request: POST /graphql"}
{"timestamp":"2.7.2024, 10:01:39","level":"info","message":"Received request: POST /graphql"}
{"timestamp":"2.7.2024, 10:01:41","level":"info","message":"Received request: POST /graphql"}
{"timestamp":"2.7.2024, 10:01:43","level":"info","message":"Received request: POST /graphql"}
{"timestamp":"2.7.2024, 10:04:55","level":"info","message":"Starting server..."}
{"timestamp":"2.7.2024, 10:04:55","level":"info","message":"Connected to the database"}
{"timestamp":"2.7.2024, 10:04:55","level":"info","message":"Server is running on http://localhost:4000/graphql"}
{"timestamp":"2.7.2024, 10:07:41","level":"info","message":"Starting server..."}
{"timestamp":"2.7.2024, 10:07:42","level":"info","message":"Connected to the database"}
{"timestamp":"2.7.2024, 10:07:42","level":"info","message":"Server is running on http://localhost:4000/graphql"}
{"timestamp":"2.7.2024, 10:08:46","level":"info","message":"Starting server..."}
{"timestamp":"2.7.2024, 10:08:46","level":"info","message":"Connected to the database"}
{"timestamp":"2.7.2024, 10:08:46","level":"info","message":"Server is running on http://localhost:4000/graphql"}
{"timestamp":"2.7.2024, 10:08:57","level":"info","message":"Received request: POST /graphql"}
{"timestamp":"2.7.2024, 10:08:57","level":"info","message":"Received request: POST /graphql"}
{"timestamp":"2.7.2024, 10:08:58","level":"info","message":"Received request: POST /graphql"}
{"timestamp":"2.7.2024, 10:08:59","level":"info","message":"Received request: POST /graphql"}
{"timestamp":"2.7.2024, 10:09:01","level":"info","message":"Received request: POST /graphql"}
{"timestamp":"2.7.2024, 10:09:01","level":"info","message":"Received request: POST /graphql"}
{"timestamp":"2.7.2024, 10:09:01","level":"info","message":"Received request: POST /graphql"}
{"timestamp":"2.7.2024, 10:09:01","level":"info","message":"Received request: POST /graphql"}
{"timestamp":"2.7.2024, 10:09:01","level":"info","message":"Received request: POST /graphql"}
{"timestamp":"2.7.2024, 10:09:01","level":"info","message":"Received request: POST /graphql"}
{"timestamp":"2.7.2024, 10:09:03","level":"info","message":"Received request: POST /graphql"}
{"timestamp":"2.7.2024, 10:09:06","level":"info","message":"Received request: POST /graphql"}
{"timestamp":"2.7.2024, 10:09:08","level":"info","message":"Received request: POST /graphql"}
{"timestamp":"2.7.2024, 10:09:10","level":"info","message":"Received request: POST /graphql"}
{"timestamp":"2.7.2024, 10:09:11","level":"info","message":"Received request: POST /"}
{"timestamp":"2.7.2024, 10:09:12","level":"info","message":"Received request: POST /graphql"}
{"timestamp":"2.7.2024, 10:09:13","level":"info","message":"Received request: POST /"}
{"timestamp":"2.7.2024, 10:09:14","level":"info","message":"Received request: POST /graphql"}
{"timestamp":"2.7.2024, 10:09:14","level":"info","message":"Received request: POST /"}
{"timestamp":"2.7.2024, 10:09:16","level":"info","message":"Received request: POST /"}
{"timestamp":"2.7.2024, 10:09:17","level":"info","message":"Received request: POST /"}
{"timestamp":"2.7.2024, 10:09:18","level":"info","message":"Received request: POST /"}
{"timestamp":"2.7.2024, 10:09:19","level":"info","message":"Received request: POST /"}
{"timestamp":"2.7.2024, 10:09:20","level":"info","message":"Received request: POST /"}
{"timestamp":"2.7.2024, 10:09:21","level":"info","message":"Received request: POST /"}
{"timestamp":"2.7.2024, 10:09:22","level":"info","message":"Received request: POST /"}
{"timestamp":"2.7.2024, 10:09:23","level":"info","message":"Received request: POST /"}
{"timestamp":"2.7.2024, 10:09:24","level":"info","message":"Received request: POST /"}
{"timestamp":"2.7.2024, 10:09:25","level":"info","message":"Received request: POST /"}
{"timestamp":"2.7.2024, 10:09:26","level":"info","message":"Received request: POST /"}
{"timestamp":"2.7.2024, 10:09:27","level":"info","message":"Received request: POST /"}
{"timestamp":"2.7.2024, 10:09:28","level":"info","message":"Received request: POST /"}
{"timestamp":"2.7.2024, 10:09:29","level":"info","message":"Received request: POST /"}
{"timestamp":"2.7.2024, 10:09:30","level":"info","message":"Received request: POST /"}
{"timestamp":"2.7.2024, 10:09:31","level":"info","message":"Received request: POST /"}
{"timestamp":"2.7.2024, 10:09:32","level":"info","message":"Received request: POST /"}
{"timestamp":"2.7.2024, 10:09:33","level":"info","message":"Received request: POST /"}
{"timestamp":"2.7.2024, 10:09:34","level":"info","message":"Received request: POST /"}
{"timestamp":"2.7.2024, 10:09:35","level":"info","message":"Received request: POST /"}
{"timestamp":"2.7.2024, 10:09:36","level":"info","message":"Received request: POST /"}
{"timestamp":"2.7.2024, 10:09:37","level":"info","message":"Received request: POST /"}
{"timestamp":"2.7.2024, 10:09:38","level":"info","message":"Received request: POST /"}
{"timestamp":"2.7.2024, 10:09:39","level":"info","message":"Received request: POST /"}
{"timestamp":"2.7.2024, 10:09:40","level":"info","message":"Received request: POST /"}
{"timestamp":"2.7.2024, 10:09:41","level":"info","message":"Received request: POST /"}
{"timestamp":"2.7.2024, 10:09:42","level":"info","message":"Received request: POST /"}
{"timestamp":"2.7.2024, 10:09:43","level":"info","message":"Received request: POST /"}
{"timestamp":"2.7.2024, 10:09:44","level":"info","message":"Received request: POST /"}
{"timestamp":"2.7.2024, 10:09:45","level":"info","message":"Received request: POST /"}
{"timestamp":"2.7.2024, 10:09:46","level":"info","message":"Received request: POST /"}
{"timestamp":"2.7.2024, 10:09:47","level":"info","message":"Received request: POST /"}
{"timestamp":"2.7.2024, 10:09:48","level":"info","message":"Received request: POST /"}
{"timestamp":"2.7.2024, 10:09:49","level":"info","message":"Received request: POST /"}
{"timestamp":"2.7.2024, 10:09:50","level":"info","message":"Received request: POST /"}
{"timestamp":"2.7.2024, 10:09:51","level":"info","message":"Received request: POST /"}
{"timestamp":"2.7.2024, 10:09:52","level":"info","message":"Received request: POST /"}
{"timestamp":"2.7.2024, 10:09:53","level":"info","message":"Received request: POST /"}
{"timestamp":"2.7.2024, 10:09:54","level":"info","message":"Received request: POST /"}
{"timestamp":"2.7.2024, 10:09:55","level":"info","message":"Received request: POST /"}
{"timestamp":"2.7.2024, 10:09:56","level":"info","message":"Received request: POST /"}
{"timestamp":"2.7.2024, 10:09:57","level":"info","message":"Received request: POST /"}
{"timestamp":"2.7.2024, 10:09:58","level":"info","message":"Received request: POST /"}
{"timestamp":"2.7.2024, 10:09:59","level":"info","message":"Received request: POST /"}
{"timestamp":"2.7.2024, 10:10:00","level":"info","message":"Received request: POST /"}
{"timestamp":"2.7.2024, 10:10:01","level":"info","message":"Received request: POST /"}
{"timestamp":"2.7.2024, 10:10:02","level":"info","message":"Received request: POST /"}
{"timestamp":"2.7.2024, 10:10:03","level":"info","message":"Received request: POST /"}
{"timestamp":"2.7.2024, 10:10:04","level":"info","message":"Received request: POST /"}
{"timestamp":"2.7.2024, 10:10:05","level":"info","message":"Received request: POST /"}
{"timestamp":"2.7.2024, 10:10:06","level":"info","message":"Received request: POST /"}
{"timestamp":"2.7.2024, 10:10:07","level":"info","message":"Received request: POST /"}
{"timestamp":"2.7.2024, 10:10:08","level":"info","message":"Received request: POST /"}
{"timestamp":"2.7.2024, 10:10:09","level":"info","message":"Received request: POST /"}
{"timestamp":"2.7.2024, 10:10:15","level":"info","message":"Starting server..."}
{"timestamp":"2.7.2024, 10:10:15","level":"info","message":"Connected to the database"}
{"timestamp":"2.7.2024, 10:10:15","level":"info","message":"Server is running on http://localhost:4000/graphql"}
{"timestamp":"2.7.2024, 10:10:15","level":"info","message":"Received request: POST /"}
{"timestamp":"2.7.2024, 10:10:15","level":"info","message":"Received request: POST /"}
{"timestamp":"2.7.2024, 10:10:16","level":"info","message":"Received request: POST /"}
{"timestamp":"2.7.2024, 10:10:17","level":"info","message":"Received request: POST /"}
{"timestamp":"2.7.2024, 10:10:18","level":"info","message":"Received request: POST /"}
{"timestamp":"2.7.2024, 10:10:19","level":"info","message":"Received request: POST /"}
{"timestamp":"2.7.2024, 10:10:20","level":"info","message":"Received request: POST /"}
{"timestamp":"2.7.2024, 10:10:21","level":"info","message":"Received request: POST /"}
{"timestamp":"2.7.2024, 10:10:22","level":"info","message":"Received request: POST /"}
{"timestamp":"2.7.2024, 10:10:23","level":"info","message":"Received request: POST /"}
{"timestamp":"2.7.2024, 10:10:24","level":"info","message":"Received request: POST /"}
{"timestamp":"2.7.2024, 10:10:25","level":"info","message":"Received request: POST /"}
{"timestamp":"2.7.2024, 10:10:26","level":"info","message":"Received request: POST /"}
{"timestamp":"2.7.2024, 10:10:27","level":"info","message":"Received request: POST /"}
{"timestamp":"2.7.2024, 10:10:28","level":"info","message":"Received request: POST /"}
{"timestamp":"2.7.2024, 10:10:29","level":"info","message":"Received request: POST /"}
{"timestamp":"2.7.2024, 10:12:20","level":"info","message":"Starting server..."}
{"timestamp":"2.7.2024, 10:12:20","level":"info","message":"Connected to the database"}
{"timestamp":"2.7.2024, 10:12:20","level":"info","message":"Server is running on http://localhost:4000/graphql"}
{"timestamp":"2.7.2024, 10:12:20","level":"info","message":"Received request: POST /"}
{"timestamp":"2.7.2024, 10:12:21","level":"info","message":"Received request: POST /"}
{"timestamp":"2.7.2024, 10:12:22","level":"info","message":"Received request: POST /"}
{"timestamp":"2.7.2024, 10:12:23","level":"info","message":"Received request: POST /"}
{"timestamp":"2.7.2024, 10:12:24","level":"info","message":"Received request: POST /"}
{"timestamp":"2.7.2024, 10:12:27","level":"info","message":"Starting server..."}
{"timestamp":"2.7.2024, 10:12:28","level":"info","message":"Connected to the database"}
{"timestamp":"2.7.2024, 10:12:28","level":"info","message":"Server is running on http://localhost:4000/graphql"}
{"timestamp":"2.7.2024, 10:12:28","level":"info","message":"Received request: POST /"}
{"timestamp":"2.7.2024, 10:12:28","level":"info","message":"Received request: POST /"}
{"timestamp":"2.7.2024, 10:12:29","level":"info","message":"Received request: POST /"}
{"timestamp":"2.7.2024, 10:12:30","level":"info","message":"Received request: POST /"}
{"timestamp":"2.7.2024, 10:12:31","level":"info","message":"Received request: POST /"}
{"timestamp":"2.7.2024, 10:12:32","level":"info","message":"Received request: POST /"}
{"timestamp":"2.7.2024, 10:12:33","level":"info","message":"Received request: POST /"}
{"timestamp":"2.7.2024, 10:12:34","level":"info","message":"Received request: POST /"}
{"timestamp":"2.7.2024, 10:12:35","level":"info","message":"Received request: POST /"}
{"timestamp":"2.7.2024, 10:12:36","level":"info","message":"Received request: POST /"}
{"timestamp":"2.7.2024, 10:12:37","level":"info","message":"Received request: POST /"}
{"timestamp":"2.7.2024, 10:12:38","level":"info","message":"Received request: POST /"}
{"timestamp":"2.7.2024, 10:12:39","level":"info","message":"Received request: POST /"}
{"timestamp":"2.7.2024, 10:12:40","level":"info","message":"Received request: POST /"}
{"timestamp":"2.7.2024, 10:12:41","level":"info","message":"Received request: POST /"}
{"timestamp":"2.7.2024, 10:12:42","level":"info","message":"Received request: POST /"}
{"timestamp":"2.7.2024, 10:12:43","level":"info","message":"Received request: POST /"}
{"timestamp":"2.7.2024, 10:12:43","level":"info","message":"Received request: POST /"}
{"timestamp":"2.7.2024, 10:12:44","level":"info","message":"Received request: POST /"}
{"timestamp":"2.7.2024, 10:12:45","level":"info","message":"Received request: POST /"}
{"timestamp":"2.7.2024, 10:12:45","level":"info","message":"Received request: POST /"}
{"timestamp":"2.7.2024, 10:12:46","level":"info","message":"Received request: POST /"}
{"timestamp":"2.7.2024, 10:12:55","level":"info","message":"Received request: POST /"}
{"timestamp":"2.7.2024, 10:12:56","level":"info","message":"Received request: POST /"}
{"timestamp":"2.7.2024, 10:12:57","level":"info","message":"Received request: POST /"}
{"timestamp":"2.7.2024, 10:12:58","level":"info","message":"Received request: POST /"}
{"timestamp":"2.7.2024, 10:13:01","level":"info","message":"Received request: POST /graphql"}
{"timestamp":"2.7.2024, 10:13:02","level":"info","message":"Received request: POST /graphql"}
{"timestamp":"2.7.2024, 10:13:03","level":"info","message":"Received request: POST /graphql"}
{"timestamp":"2.7.2024, 10:13:05","level":"info","message":"Received request: POST /graphql"}
{"timestamp":"2.7.2024, 10:13:05","level":"info","message":"Received request: POST /graphql"}
{"timestamp":"2.7.2024, 10:13:17","level":"info","message":"Received request: POST /graphql"}
{"timestamp":"2.7.2024, 10:13:32","level":"info","message":"Starting server..."}
{"timestamp":"2.7.2024, 10:13:35","level":"info","message":"Starting server..."}
{"timestamp":"2.7.2024, 10:13:36","level":"info","message":"Connected to the database"}
{"timestamp":"2.7.2024, 10:13:36","level":"info","message":"Server is running on http://localhost:4000/graphql"}
{"timestamp":"2.7.2024, 10:13:40","level":"info","message":"Starting server..."}
{"timestamp":"2.7.2024, 10:13:41","level":"info","message":"Connected to the database"}
{"timestamp":"2.7.2024, 10:13:41","level":"info","message":"Server is running on http://localhost:4000/graphql"}
{"timestamp":"2.7.2024, 10:13:47","level":"info","message":"Received request: POST /graphql"}
{"timestamp":"2.7.2024, 10:13:48","level":"info","message":"Received request: POST /graphql"}
{"timestamp":"2.7.2024, 10:13:53","level":"info","message":"Received request: POST /graphql"}
{"timestamp":"2.7.2024, 10:13:54","level":"info","message":"Received request: POST /graphql"}
{"timestamp":"2.7.2024, 10:13:56","level":"info","message":"Received request: POST /graphql"}
{"timestamp":"2.7.2024, 10:13:58","level":"info","message":"Received request: POST /graphql"}
{"timestamp":"2.7.2024, 10:14:19","level":"info","message":"Received request: POST /graphql"}
{"timestamp":"2.7.2024, 10:14:21","level":"info","message":"Received request: POST /graphql"}
{"timestamp":"2.7.2024, 10:14:23","level":"info","message":"Received request: POST /graphql"}
{"timestamp":"2.7.2024, 10:14:25","level":"info","message":"Received request: POST /graphql"}
{"timestamp":"2.7.2024, 10:15:33","level":"info","message":"Starting server..."}
{"timestamp":"2.7.2024, 10:15:33","level":"info","message":"Connected to the database"}
{"timestamp":"2.7.2024, 10:15:33","level":"info","message":"Server is running on http://localhost:4000/graphql"}
{"timestamp":"2.7.2024, 10:22:53","level":"info","message":"Starting server..."}
{"timestamp":"2.7.2024, 10:22:53","level":"error","message":"Error connecting to the database invalid input value for enum todolist.\"StatusEnum\": \"פעיל\""}
{"timestamp":"2.7.2024, 10:35:52","level":"info","message":"Starting server..."}
{"timestamp":"2.7.2024, 10:35:53","level":"info","message":"Connected to the database"}
{"timestamp":"2.7.2024, 10:35:53","level":"info","message":"Server is running on http://localhost:4000/graphql"}
{"timestamp":"2.7.2024, 10:35:53","level":"info","message":"Received request: POST /graphql"}
{"timestamp":"2.7.2024, 10:35:55","level":"info","message":"Received request: POST /graphql"}
{"timestamp":"2.7.2024, 10:35:58","level":"info","message":"Received request: POST /graphql"}
{"timestamp":"2.7.2024, 10:36:01","level":"info","message":"Received request: POST /graphql"}
{"timestamp":"2.7.2024, 10:36:04","level":"info","message":"Received request: POST /graphql"}
{"timestamp":"2.7.2024, 10:36:07","level":"info","message":"Received request: POST /graphql"}
{"timestamp":"2.7.2024, 10:36:10","level":"info","message":"Received request: POST /graphql"}
{"timestamp":"2.7.2024, 10:36:11","level":"info","message":"Received request: POST /graphql"}
{"timestamp":"2.7.2024, 10:36:12","level":"info","message":"Received request: GET /graphql"}
{"timestamp":"2.7.2024, 10:36:14","level":"info","message":"Received request: POST /graphql"}
{"timestamp":"2.7.2024, 10:36:41","level":"info","message":"Starting server..."}
{"timestamp":"2.7.2024, 10:36:41","level":"info","message":"Connected to the database"}
{"timestamp":"2.7.2024, 10:36:41","level":"info","message":"Server is running on http://localhost:4000/graphql"}
{"timestamp":"2.7.2024, 10:36:50","level":"info","message":"Received request: POST /graphql"}
{"timestamp":"2.7.2024, 10:36:50","level":"info","message":"Received request: POST /graphql"}
{"timestamp":"2.7.2024, 10:37:03","level":"info","message":"Received request: POST /graphql"}
{"timestamp":"2.7.2024, 10:37:05","level":"info","message":"Received request: POST /graphql"}
{"timestamp":"2.7.2024, 10:37:07","level":"info","message":"Received request: POST /graphql"}
{"timestamp":"2.7.2024, 10:37:09","level":"info","message":"Received request: POST /graphql"}
{"timestamp":"2.7.2024, 10:37:11","level":"info","message":"Received request: POST /graphql"}
{"timestamp":"2.7.2024, 10:37:13","level":"info","message":"Received request: POST /graphql"}
{"timestamp":"2.7.2024, 10:37:15","level":"info","message":"Received request: POST /graphql"}
{"timestamp":"2.7.2024, 10:38:25","level":"info","message":"Starting server..."}
{"timestamp":"2.7.2024, 10:38:25","level":"info","message":"Connected to the database"}
{"timestamp":"2.7.2024, 10:38:25","level":"info","message":"Server is running on http://localhost:4000/graphql"}
{"timestamp":"2.7.2024, 10:38:51","level":"info","message":"Received request: POST /graphql"}
{"timestamp":"2.7.2024, 10:40:55","level":"info","message":"Received request: POST /graphql"}
{"timestamp":"2.7.2024, 11:01:45","level":"info","message":"Received request: POST /graphql"}
{"timestamp":"2.7.2024, 11:01:45","level":"info","message":"Received request: POST /graphql"}
{"timestamp":"2.7.2024, 11:01:47","level":"info","message":"Received request: POST /graphql"}
{"timestamp":"2.7.2024, 11:01:49","level":"info","message":"Received request: POST /graphql"}
{"timestamp":"2.7.2024, 11:01:51","level":"info","message":"Received request: POST /graphql"}
{"timestamp":"2.7.2024, 11:01:53","level":"info","message":"Received request: POST /graphql"}
{"timestamp":"2.7.2024, 11:01:55","level":"info","message":"Received request: POST /graphql"}
{"timestamp":"2.7.2024, 11:01:57","level":"info","message":"Received request: POST /graphql"}
{"timestamp":"2.7.2024, 11:01:59","level":"info","message":"Received request: POST /graphql"}
{"timestamp":"2.7.2024, 11:02:01","level":"info","message":"Received request: POST /graphql"}
{"timestamp":"2.7.2024, 11:02:03","level":"info","message":"Received request: POST /graphql"}
{"timestamp":"2.7.2024, 11:02:05","level":"info","message":"Received request: POST /graphql"}
{"timestamp":"2.7.2024, 11:02:07","level":"info","message":"Received request: POST /graphql"}
{"timestamp":"2.7.2024, 11:02:09","level":"info","message":"Received request: POST /graphql"}
{"timestamp":"2.7.2024, 11:02:11","level":"info","message":"Received request: POST /graphql"}
{"timestamp":"2.7.2024, 11:02:13","level":"info","message":"Received request: POST /graphql"}
{"timestamp":"2.7.2024, 11:02:15","level":"info","message":"Received request: POST /graphql"}
{"timestamp":"2.7.2024, 11:02:17","level":"info","message":"Received request: POST /graphql"}
{"timestamp":"2.7.2024, 11:02:19","level":"info","message":"Received request: POST /graphql"}
{"timestamp":"2.7.2024, 11:02:21","level":"info","message":"Received request: POST /graphql"}
{"timestamp":"2.7.2024, 11:02:23","level":"info","message":"Received request: POST /graphql"}
{"timestamp":"2.7.2024, 11:02:25","level":"info","message":"Received request: POST /graphql"}
{"timestamp":"2.7.2024, 11:02:27","level":"info","message":"Received request: POST /graphql"}
{"timestamp":"2.7.2024, 11:02:29","level":"info","message":"Received request: POST /graphql"}
{"timestamp":"2.7.2024, 11:02:31","level":"info","message":"Received request: POST /graphql"}
{"timestamp":"2.7.2024, 11:02:33","level":"info","message":"Received request: POST /graphql"}
{"timestamp":"2.7.2024, 11:02:36","level":"info","message":"Received request: POST /graphql"}
{"timestamp":"2.7.2024, 11:02:38","level":"info","message":"Received request: POST /graphql"}
{"timestamp":"2.7.2024, 11:02:40","level":"info","message":"Received request: POST /graphql"}
{"timestamp":"2.7.2024, 11:02:42","level":"info","message":"Received request: POST /graphql"}
{"timestamp":"2.7.2024, 11:02:44","level":"info","message":"Received request: POST /graphql"}
{"timestamp":"2.7.2024, 11:02:46","level":"info","message":"Received request: POST /graphql"}
{"timestamp":"2.7.2024, 11:02:48","level":"info","message":"Received request: POST /graphql"}
{"timestamp":"2.7.2024, 11:02:50","level":"info","message":"Received request: POST /graphql"}
{"timestamp":"2.7.2024, 11:02:52","level":"info","message":"Received request: POST /graphql"}
{"timestamp":"2.7.2024, 11:02:54","level":"info","message":"Received request: POST /graphql"}
{"timestamp":"2.7.2024, 11:02:56","level":"info","message":"Received request: POST /graphql"}
{"timestamp":"2.7.2024, 11:02:58","level":"info","message":"Received request: POST /graphql"}
{"timestamp":"2.7.2024, 11:03:00","level":"info","message":"Received request: POST /graphql"}
{"timestamp":"2.7.2024, 11:03:02","level":"info","message":"Received request: POST /graphql"}
{"timestamp":"2.7.2024, 11:03:04","level":"info","message":"Received request: POST /graphql"}
{"timestamp":"2.7.2024, 11:03:06","level":"info","message":"Received request: POST /graphql"}
{"timestamp":"2.7.2024, 11:03:08","level":"info","message":"Received request: POST /graphql"}
{"timestamp":"2.7.2024, 11:03:10","level":"info","message":"Received request: POST /graphql"}
{"timestamp":"2.7.2024, 11:03:12","level":"info","message":"Received request: POST /graphql"}
{"timestamp":"2.7.2024, 11:03:14","level":"info","message":"Received request: POST /graphql"}
{"timestamp":"2.7.2024, 11:03:16","level":"info","message":"Received request: POST /graphql"}
{"timestamp":"2.7.2024, 11:03:18","level":"info","message":"Received request: POST /graphql"}
{"timestamp":"2.7.2024, 11:03:20","level":"info","message":"Received request: POST /graphql"}
{"timestamp":"2.7.2024, 11:03:22","level":"info","message":"Received request: POST /graphql"}
{"timestamp":"2.7.2024, 11:03:24","level":"info","message":"Received request: POST /graphql"}
{"timestamp":"2.7.2024, 11:03:26","level":"info","message":"Received request: POST /graphql"}
{"timestamp":"2.7.2024, 11:03:28","level":"info","message":"Received request: POST /graphql"}
{"timestamp":"2.7.2024, 11:03:30","level":"info","message":"Received request: POST /graphql"}
{"timestamp":"2.7.2024, 11:03:32","level":"info","message":"Received request: POST /graphql"}
{"timestamp":"2.7.2024, 11:03:34","level":"info","message":"Received request: POST /graphql"}
{"timestamp":"2.7.2024, 11:03:36","level":"info","message":"Received request: POST /graphql"}
{"timestamp":"2.7.2024, 11:03:38","level":"info","message":"Received request: POST /graphql"}
{"timestamp":"2.7.2024, 11:03:41","level":"info","message":"Received request: POST /graphql"}
{"timestamp":"2.7.2024, 11:03:43","level":"info","message":"Received request: POST /graphql"}
{"timestamp":"2.7.2024, 11:03:45","level":"info","message":"Received request: POST /graphql"}
{"timestamp":"2.7.2024, 11:03:47","level":"info","message":"Received request: POST /graphql"}
{"timestamp":"2.7.2024, 11:03:49","level":"info","message":"Received request: POST /graphql"}
{"timestamp":"2.7.2024, 11:03:51","level":"info","message":"Received request: POST /graphql"}
{"timestamp":"2.7.2024, 11:03:53","level":"info","message":"Received request: POST /graphql"}
{"timestamp":"2.7.2024, 11:03:55","level":"info","message":"Received request: POST /graphql"}
{"timestamp":"2.7.2024, 11:03:57","level":"info","message":"Received request: POST /graphql"}
{"timestamp":"2.7.2024, 11:03:59","level":"info","message":"Received request: POST /graphql"}
{"timestamp":"2.7.2024, 11:04:01","level":"info","message":"Received request: POST /graphql"}
{"timestamp":"2.7.2024, 11:04:03","level":"info","message":"Received request: POST /graphql"}
{"timestamp":"2.7.2024, 11:04:05","level":"info","message":"Received request: POST /graphql"}
{"timestamp":"2.7.2024, 11:04:07","level":"info","message":"Received request: POST /graphql"}
{"timestamp":"2.7.2024, 11:04:09","level":"info","message":"Received request: POST /graphql"}
{"timestamp":"2.7.2024, 11:04:11","level":"info","message":"Received request: POST /graphql"}
{"timestamp":"2.7.2024, 11:04:13","level":"info","message":"Received request: POST /graphql"}
{"timestamp":"2.7.2024, 11:04:15","level":"info","message":"Received request: POST /graphql"}
{"timestamp":"2.7.2024, 11:04:17","level":"info","message":"Received request: POST /graphql"}
{"timestamp":"2.7.2024, 11:04:19","level":"info","message":"Received request: POST /graphql"}
{"timestamp":"2.7.2024, 11:04:21","level":"info","message":"Received request: POST /graphql"}
{"timestamp":"2.7.2024, 11:04:23","level":"info","message":"Received request: POST /graphql"}
{"timestamp":"2.7.2024, 11:04:25","level":"info","message":"Received request: POST /graphql"}
{"timestamp":"2.7.2024, 11:04:27","level":"info","message":"Received request: POST /graphql"}
{"timestamp":"2.7.2024, 11:04:29","level":"info","message":"Received request: POST /graphql"}
{"timestamp":"2.7.2024, 11:04:31","level":"info","message":"Received request: POST /graphql"}
{"timestamp":"2.7.2024, 11:04:33","level":"info","message":"Received request: POST /graphql"}
{"timestamp":"2.7.2024, 11:04:35","level":"info","message":"Received request: POST /graphql"}
{"timestamp":"2.7.2024, 11:04:37","level":"info","message":"Received request: POST /graphql"}
{"timestamp":"2.7.2024, 11:04:39","level":"info","message":"Received request: POST /graphql"}
{"timestamp":"2.7.2024, 11:04:41","level":"info","message":"Received request: POST /graphql"}
{"timestamp":"2.7.2024, 11:04:44","level":"info","message":"Received request: POST /graphql"}
{"timestamp":"2.7.2024, 11:04:46","level":"info","message":"Received request: POST /graphql"}
{"timestamp":"2.7.2024, 11:04:48","level":"info","message":"Received request: POST /graphql"}
{"timestamp":"2.7.2024, 11:04:50","level":"info","message":"Received request: POST /graphql"}
{"timestamp":"2.7.2024, 11:04:52","level":"info","message":"Received request: POST /graphql"}
{"timestamp":"2.7.2024, 11:04:54","level":"info","message":"Received request: POST /graphql"}
{"timestamp":"2.7.2024, 11:04:56","level":"info","message":"Received request: POST /graphql"}
{"timestamp":"2.7.2024, 11:04:58","level":"info","message":"Received request: POST /graphql"}
{"timestamp":"2.7.2024, 11:05:00","level":"info","message":"Received request: POST /graphql"}
{"timestamp":"2.7.2024, 11:05:02","level":"info","message":"Received request: POST /graphql"}
{"timestamp":"2.7.2024, 11:05:04","level":"info","message":"Received request: POST /graphql"}
{"timestamp":"2.7.2024, 11:05:06","level":"info","message":"Received request: POST /graphql"}
{"timestamp":"2.7.2024, 11:05:08","level":"info","message":"Received request: POST /graphql"}
{"timestamp":"2.7.2024, 11:05:10","level":"info","message":"Received request: POST /graphql"}
{"timestamp":"2.7.2024, 11:05:12","level":"info","message":"Received request: POST /graphql"}
{"timestamp":"2.7.2024, 11:05:14","level":"info","message":"Received request: POST /graphql"}
{"timestamp":"2.7.2024, 11:05:16","level":"info","message":"Received request: POST /graphql"}
{"timestamp":"2.7.2024, 11:05:18","level":"info","message":"Received request: POST /graphql"}
{"timestamp":"2.7.2024, 11:05:20","level":"info","message":"Received request: POST /graphql"}
{"timestamp":"2.7.2024, 11:05:22","level":"info","message":"Received request: POST /graphql"}
{"timestamp":"2.7.2024, 11:05:24","level":"info","message":"Received request: POST /graphql"}
{"timestamp":"2.7.2024, 11:05:26","level":"info","message":"Received request: POST /graphql"}
{"timestamp":"2.7.2024, 11:05:28","level":"info","message":"Received request: POST /graphql"}
{"timestamp":"2.7.2024, 11:05:30","level":"info","message":"Received request: POST /graphql"}
{"timestamp":"2.7.2024, 11:05:32","level":"info","message":"Received request: POST /graphql"}
{"timestamp":"2.7.2024, 11:05:34","level":"info","message":"Received request: POST /graphql"}
{"timestamp":"2.7.2024, 11:05:36","level":"info","message":"Received request: POST /graphql"}
{"timestamp":"2.7.2024, 11:05:38","level":"info","message":"Received request: POST /graphql"}
{"timestamp":"2.7.2024, 11:05:40","level":"info","message":"Received request: POST /graphql"}
{"timestamp":"2.7.2024, 11:05:42","level":"info","message":"Received request: POST /graphql"}
{"timestamp":"2.7.2024, 11:05:44","level":"info","message":"Received request: POST /graphql"}
{"timestamp":"2.7.2024, 11:05:46","level":"info","message":"Received request: POST /graphql"}
{"timestamp":"2.7.2024, 11:05:49","level":"info","message":"Received request: POST /graphql"}
{"timestamp":"2.7.2024, 11:05:51","level":"info","message":"Received request: POST /graphql"}
{"timestamp":"2.7.2024, 11:05:53","level":"info","message":"Received request: POST /graphql"}
{"timestamp":"2.7.2024, 11:05:55","level":"info","message":"Received request: POST /graphql"}
{"timestamp":"2.7.2024, 11:05:57","level":"info","message":"Received request: POST /graphql"}
{"timestamp":"2.7.2024, 11:05:59","level":"info","message":"Received request: POST /graphql"}
{"timestamp":"2.7.2024, 11:06:01","level":"info","message":"Received request: POST /graphql"}
{"timestamp":"2.7.2024, 11:06:03","level":"info","message":"Received request: POST /graphql"}
{"timestamp":"2.7.2024, 11:06:05","level":"info","message":"Received request: POST /graphql"}
{"timestamp":"2.7.2024, 11:06:07","level":"info","message":"Received request: POST /graphql"}
{"timestamp":"2.7.2024, 11:06:09","level":"info","message":"Received request: POST /graphql"}
{"timestamp":"2.7.2024, 11:06:11","level":"info","message":"Received request: POST /graphql"}
{"timestamp":"2.7.2024, 11:06:13","level":"info","message":"Received request: POST /graphql"}
{"timestamp":"2.7.2024, 11:06:15","level":"info","message":"Received request: POST /graphql"}
{"timestamp":"2.7.2024, 11:06:17","level":"info","message":"Received request: POST /graphql"}
{"timestamp":"2.7.2024, 11:06:19","level":"info","message":"Received request: POST /graphql"}
{"timestamp":"2.7.2024, 11:06:21","level":"info","message":"Received request: POST /graphql"}
{"timestamp":"2.7.2024, 11:06:23","level":"info","message":"Received request: POST /graphql"}
{"timestamp":"2.7.2024, 11:06:25","level":"info","message":"Received request: POST /graphql"}
{"timestamp":"2.7.2024, 11:06:27","level":"info","message":"Received request: POST /graphql"}
{"timestamp":"2.7.2024, 11:06:29","level":"info","message":"Received request: POST /graphql"}
{"timestamp":"2.7.2024, 11:06:31","level":"info","message":"Received request: POST /graphql"}
{"timestamp":"2.7.2024, 11:06:33","level":"info","message":"Received request: POST /graphql"}
{"timestamp":"2.7.2024, 11:06:35","level":"info","message":"Received request: POST /graphql"}
{"timestamp":"2.7.2024, 11:06:37","level":"info","message":"Received request: POST /graphql"}
{"timestamp":"2.7.2024, 11:06:39","level":"info","message":"Received request: POST /graphql"}
{"timestamp":"2.7.2024, 11:06:41","level":"info","message":"Received request: POST /graphql"}
{"timestamp":"2.7.2024, 11:06:43","level":"info","message":"Received request: POST /graphql"}
{"timestamp":"2.7.2024, 11:06:45","level":"info","message":"Received request: POST /graphql"}
{"timestamp":"2.7.2024, 11:06:47","level":"info","message":"Received request: POST /graphql"}
{"timestamp":"2.7.2024, 11:06:49","level":"info","message":"Received request: POST /graphql"}
{"timestamp":"2.7.2024, 11:06:51","level":"info","message":"Received request: POST /graphql"}
{"timestamp":"2.7.2024, 11:06:54","level":"info","message":"Received request: POST /graphql"}
{"timestamp":"2.7.2024, 11:06:56","level":"info","message":"Received request: POST /graphql"}
{"timestamp":"2.7.2024, 11:06:58","level":"info","message":"Received request: POST /graphql"}
{"timestamp":"2.7.2024, 11:07:00","level":"info","message":"Received request: POST /graphql"}
{"timestamp":"2.7.2024, 11:07:02","level":"info","message":"Received request: POST /graphql"}
{"timestamp":"2.7.2024, 11:07:04","level":"info","message":"Received request: POST /graphql"}
{"timestamp":"2.7.2024, 11:07:06","level":"info","message":"Received request: POST /graphql"}
{"timestamp":"2.7.2024, 11:07:08","level":"info","message":"Received request: POST /graphql"}
{"timestamp":"2.7.2024, 11:07:10","level":"info","message":"Received request: POST /graphql"}
{"timestamp":"2.7.2024, 11:07:12","level":"info","message":"Received request: POST /graphql"}
{"timestamp":"2.7.2024, 11:07:14","level":"info","message":"Received request: POST /graphql"}
{"timestamp":"2.7.2024, 11:07:16","level":"info","message":"Received request: POST /graphql"}
{"timestamp":"2.7.2024, 11:07:18","level":"info","message":"Received request: POST /graphql"}
{"timestamp":"2.7.2024, 11:07:20","level":"info","message":"Received request: POST /graphql"}
{"timestamp":"2.7.2024, 11:09:58","level":"info","message":"Received request: POST /graphql"}
{"timestamp":"2.7.2024, 11:10:01","level":"info","message":"Received request: POST /graphql"}
{"timestamp":"2.7.2024, 11:10:03","level":"info","message":"Received request: POST /graphql"}
{"timestamp":"2.7.2024, 11:10:05","level":"info","message":"Received request: POST /graphql"}
{"timestamp":"2.7.2024, 11:10:08","level":"info","message":"Received request: POST /graphql"}
{"timestamp":"2.7.2024, 11:10:10","level":"info","message":"Received request: POST /graphql"}
{"timestamp":"2.7.2024, 11:10:12","level":"info","message":"Received request: POST /graphql"}
{"timestamp":"2.7.2024, 11:10:14","level":"info","message":"Received request: POST /graphql"}
{"timestamp":"2.7.2024, 11:10:16","level":"info","message":"Received request: POST /graphql"}
{"timestamp":"2.7.2024, 11:10:18","level":"info","message":"Received request: POST /graphql"}
{"timestamp":"2.7.2024, 11:10:20","level":"info","message":"Received request: POST /graphql"}
{"timestamp":"2.7.2024, 11:10:22","level":"info","message":"Received request: POST /graphql"}
{"timestamp":"2.7.2024, 11:10:24","level":"info","message":"Received request: POST /graphql"}
{"timestamp":"2.7.2024, 11:10:26","level":"info","message":"Received request: POST /graphql"}
{"timestamp":"2.7.2024, 11:10:28","level":"info","message":"Received request: POST /graphql"}
{"timestamp":"2.7.2024, 11:10:30","level":"info","message":"Received request: POST /graphql"}
{"timestamp":"2.7.2024, 11:10:32","level":"info","message":"Received request: POST /graphql"}
{"timestamp":"2.7.2024, 11:10:34","level":"info","message":"Received request: POST /graphql"}
{"timestamp":"2.7.2024, 11:10:36","level":"info","message":"Received request: POST /graphql"}
{"timestamp":"2.7.2024, 11:10:38","level":"info","message":"Received request: POST /graphql"}
{"timestamp":"2.7.2024, 11:10:40","level":"info","message":"Received request: POST /graphql"}
{"timestamp":"2.7.2024, 11:10:42","level":"info","message":"Received request: POST /graphql"}
{"timestamp":"2.7.2024, 11:10:44","level":"info","message":"Received request: POST /graphql"}
{"timestamp":"2.7.2024, 11:10:46","level":"info","message":"Received request: POST /graphql"}
{"timestamp":"2.7.2024, 11:10:48","level":"info","message":"Received request: POST /graphql"}
{"timestamp":"2.7.2024, 11:10:48","level":"info","message":"Received request: POST /graphql"}
{"timestamp":"2.7.2024, 11:10:50","level":"info","message":"Received request: POST /graphql"}
{"timestamp":"2.7.2024, 11:10:52","level":"info","message":"Received request: POST /graphql"}
{"timestamp":"2.7.2024, 11:14:27","level":"info","message":"Received request: POST /graphql"}
{"timestamp":"2.7.2024, 11:14:29","level":"info","message":"Received request: POST /graphql"}
{"timestamp":"2.7.2024, 11:15:30","level":"info","message":"Received request: POST /graphql"}
{"timestamp":"2.7.2024, 11:15:30","level":"info","message":"Received request: POST /graphql"}
{"timestamp":"2.7.2024, 11:15:33","level":"info","message":"Received request: POST /graphql"}
{"timestamp":"2.7.2024, 11:15:35","level":"info","message":"Received request: POST /graphql"}
{"timestamp":"2.7.2024, 11:15:37","level":"info","message":"Received request: POST /graphql"}
{"timestamp":"2.7.2024, 11:15:38","level":"info","message":"Received request: POST /graphql"}
{"timestamp":"2.7.2024, 11:15:39","level":"info","message":"Received request: POST /graphql"}
{"timestamp":"2.7.2024, 11:15:41","level":"info","message":"Received request: POST /graphql"}
{"timestamp":"2.7.2024, 11:15:43","level":"info","message":"Received request: POST /graphql"}
{"timestamp":"2.7.2024, 11:15:44","level":"info","message":"Received request: POST /graphql"}
{"timestamp":"2.7.2024, 11:15:45","level":"info","message":"Received request: POST /graphql"}
{"timestamp":"2.7.2024, 11:15:47","level":"info","message":"Received request: POST /graphql"}
{"timestamp":"2.7.2024, 11:15:49","level":"info","message":"Received request: POST /graphql"}
{"timestamp":"2.7.2024, 11:15:51","level":"info","message":"Received request: POST /graphql"}
{"timestamp":"2.7.2024, 11:15:51","level":"info","message":"Received request: POST /graphql"}
{"timestamp":"2.7.2024, 11:15:53","level":"info","message":"Received request: POST /graphql"}
{"timestamp":"2.7.2024, 11:15:55","level":"info","message":"Received request: POST /graphql"}
{"timestamp":"2.7.2024, 11:16:21","level":"info","message":"Received request: POST /graphql"}
{"timestamp":"2.7.2024, 11:16:22","level":"info","message":"Received request: POST /graphql"}
{"timestamp":"2.7.2024, 11:16:24","level":"info","message":"Received request: POST /graphql"}
{"timestamp":"2.7.2024, 11:16:28","level":"info","message":"Received request: POST /graphql"}
{"timestamp":"2.7.2024, 11:17:43","level":"info","message":"Starting server..."}
{"timestamp":"2.7.2024, 11:17:43","level":"info","message":"Connected to the database"}
{"timestamp":"2.7.2024, 11:17:43","level":"info","message":"Server is running on http://localhost:4000/graphql"}
{"timestamp":"2.7.2024, 11:17:45","level":"info","message":"Received request: POST /graphql"}
{"timestamp":"2.7.2024, 11:17:48","level":"info","message":"Received request: POST /graphql"}
{"timestamp":"2.7.2024, 11:17:55","level":"info","message":"Starting server..."}
{"timestamp":"2.7.2024, 11:17:55","level":"info","message":"Connected to the database"}
{"timestamp":"2.7.2024, 11:17:55","level":"info","message":"Server is running on http://localhost:4000/graphql"}
{"timestamp":"2.7.2024, 11:18:09","level":"info","message":"Received request: POST /graphql"}
{"timestamp":"2.7.2024, 11:18:12","level":"info","message":"Received request: POST /graphql"}
{"timestamp":"2.7.2024, 11:18:12","level":"info","message":"Received request: POST /graphql"}
{"timestamp":"2.7.2024, 11:18:14","level":"info","message":"Received request: POST /graphql"}
{"timestamp":"2.7.2024, 11:18:21","level":"info","message":"Received request: POST /graphql"}
{"timestamp":"2.7.2024, 11:18:23","level":"info","message":"Received request: POST /graphql"}
{"timestamp":"2.7.2024, 11:18:24","level":"info","message":"Received request: POST /graphql"}
{"timestamp":"2.7.2024, 11:18:25","level":"info","message":"Received request: POST /graphql"}
{"timestamp":"2.7.2024, 11:18:27","level":"info","message":"Received request: POST /graphql"}
{"timestamp":"2.7.2024, 11:19:05","level":"info","message":"Received request: POST /graphql"}
{"timestamp":"2.7.2024, 11:19:07","level":"info","message":"Received request: POST /graphql"}
{"timestamp":"2.7.2024, 11:19:07","level":"info","message":"Received request: POST /graphql"}
{"timestamp":"2.7.2024, 11:19:09","level":"info","message":"Received request: POST /graphql"}
{"timestamp":"2.7.2024, 11:19:11","level":"info","message":"Received request: POST /graphql"}
{"timestamp":"2.7.2024, 11:19:13","level":"info","message":"Received request: POST /graphql"}
{"timestamp":"2.7.2024, 11:19:15","level":"info","message":"Received request: POST /graphql"}
{"timestamp":"2.7.2024, 11:19:15","level":"info","message":"Received request: POST /graphql"}
{"timestamp":"2.7.2024, 11:19:17","level":"info","message":"Received request: POST /graphql"}
{"timestamp":"2.7.2024, 11:19:35","level":"info","message":"Starting server..."}
{"timestamp":"2.7.2024, 11:19:35","level":"info","message":"Connected to the database"}
{"timestamp":"2.7.2024, 11:19:35","level":"info","message":"Server is running on http://localhost:4000/graphql"}
{"timestamp":"2.7.2024, 11:21:43","level":"info","message":"Starting server..."}
{"timestamp":"2.7.2024, 11:21:43","level":"info","message":"Connected to the database"}
{"timestamp":"2.7.2024, 11:21:43","level":"info","message":"Server is running on http://localhost:4000/graphql"}
{"timestamp":"2.7.2024, 11:22:43","level":"info","message":"Starting server..."}
{"timestamp":"2.7.2024, 11:22:43","level":"info","message":"Connected to the database"}
{"timestamp":"2.7.2024, 11:23:17","level":"info","message":"Starting server..."}
{"timestamp":"2.7.2024, 11:23:18","level":"info","message":"Connected to the database"}
{"timestamp":"2.7.2024, 11:23:33","level":"info","message":"Received request: POST /graphql"}
{"timestamp":"2.7.2024, 11:23:46","level":"info","message":"Starting server..."}
{"timestamp":"2.7.2024, 11:23:47","level":"info","message":"Connected to the database"}
{"timestamp":"2.7.2024, 11:25:41","level":"info","message":"Starting server..."}
{"timestamp":"2.7.2024, 11:25:41","level":"info","message":"Connected to the database"}
{"timestamp":"2.7.2024, 11:25:41","level":"info","message":"Server is running on http://localhost:4001/graphql"}
{"timestamp":"2.7.2024, 11:25:48","level":"info","message":"Starting server..."}
{"timestamp":"2.7.2024, 11:25:48","level":"info","message":"Connected to the database"}
{"timestamp":"2.7.2024, 11:26:03","level":"info","message":"Starting server..."}
{"timestamp":"2.7.2024, 11:26:03","level":"info","message":"Connected to the database"}
{"timestamp":"2.7.2024, 11:26:03","level":"info","message":"Starting server..."}
{"timestamp":"2.7.2024, 11:26:03","level":"info","message":"Server is running on http://localhost:4003/graphql"}
{"timestamp":"2.7.2024, 11:26:04","level":"info","message":"Connected to the database"}
{"timestamp":"2.7.2024, 11:26:20","level":"info","message":"Received request: GET /graphql"}
{"timestamp":"2.7.2024, 11:26:21","level":"info","message":"Received request: POST /graphql"}
{"timestamp":"2.7.2024, 11:26:23","level":"info","message":"Received request: POST /graphql"}
{"timestamp":"2.7.2024, 11:26:25","level":"info","message":"Received request: POST /graphql"}
{"timestamp":"2.7.2024, 11:26:27","level":"info","message":"Received request: POST /graphql"}
{"timestamp":"2.7.2024, 11:26:29","level":"info","message":"Received request: POST /graphql"}
{"timestamp":"2.7.2024, 11:26:31","level":"info","message":"Received request: POST /graphql"}
{"timestamp":"2.7.2024, 11:26:33","level":"info","message":"Received request: POST /graphql"}
{"timestamp":"2.7.2024, 11:26:35","level":"info","message":"Received request: POST /graphql"}
{"timestamp":"2.7.2024, 11:26:37","level":"info","message":"Received request: POST /graphql"}
{"timestamp":"2.7.2024, 11:26:39","level":"info","message":"Received request: POST /graphql"}
{"timestamp":"2.7.2024, 11:26:41","level":"info","message":"Received request: POST /graphql"}
{"timestamp":"2.7.2024, 11:26:43","level":"info","message":"Received request: POST /graphql"}
{"timestamp":"2.7.2024, 11:26:45","level":"info","message":"Received request: POST /graphql"}
{"timestamp":"2.7.2024, 11:26:47","level":"info","message":"Received request: POST /graphql"}
{"timestamp":"2.7.2024, 11:26:49","level":"info","message":"Received request: POST /graphql"}
{"timestamp":"2.7.2024, 11:26:51","level":"info","message":"Received request: POST /graphql"}
{"timestamp":"2.7.2024, 11:26:52","level":"info","message":"Received request: POST /graphql"}
{"timestamp":"2.7.2024, 11:26:53","level":"info","message":"Received request: POST /graphql"}
{"timestamp":"2.7.2024, 11:27:00","level":"info","message":"Received request: POST /graphql"}
{"timestamp":"2.7.2024, 11:27:02","level":"info","message":"Received request: POST /graphql"}
{"timestamp":"2.7.2024, 11:27:04","level":"info","message":"Received request: POST /graphql"}
{"timestamp":"2.7.2024, 11:27:06","level":"info","message":"Received request: POST /graphql"}
{"timestamp":"2.7.2024, 11:27:12","level":"info","message":"Received request: POST /graphql"}
{"timestamp":"2.7.2024, 11:27:14","level":"info","message":"Received request: POST /graphql"}
{"timestamp":"2.7.2024, 11:27:16","level":"info","message":"Received request: POST /graphql"}
{"timestamp":"2.7.2024, 11:27:18","level":"info","message":"Received request: POST /graphql"}
{"timestamp":"2.7.2024, 11:27:20","level":"info","message":"Received request: POST /graphql"}
{"timestamp":"2.7.2024, 11:27:22","level":"info","message":"Received request: POST /graphql"}
{"timestamp":"2.7.2024, 11:27:40","level":"info","message":"Starting server..."}
{"timestamp":"2.7.2024, 11:27:40","level":"info","message":"Starting server..."}
{"timestamp":"2.7.2024, 11:27:40","level":"info","message":"Connected to the database"}
{"timestamp":"2.7.2024, 11:27:40","level":"info","message":"Connected to the database"}
{"timestamp":"2.7.2024, 11:27:40","level":"info","message":"Server is running on http://localhost:4003/graphql"}
{"timestamp":"2.7.2024, 11:27:43","level":"info","message":"Received request: POST /graphql"}
{"timestamp":"2.7.2024, 11:27:44","level":"info","message":"Received request: POST /graphql"}
{"timestamp":"2.7.2024, 11:27:46","level":"info","message":"Received request: POST /graphql"}
{"timestamp":"2.7.2024, 11:27:48","level":"info","message":"Received request: POST /graphql"}
{"timestamp":"2.7.2024, 11:27:50","level":"info","message":"Received request: POST /graphql"}
{"timestamp":"2.7.2024, 11:27:52","level":"info","message":"Received request: POST /graphql"}
{"timestamp":"2.7.2024, 11:27:54","level":"info","message":"Received request: POST /graphql"}
{"timestamp":"2.7.2024, 11:27:56","level":"info","message":"Received request: POST /graphql"}
{"timestamp":"2.7.2024, 11:27:58","level":"info","message":"Received request: POST /graphql"}
{"timestamp":"2.7.2024, 11:28:00","level":"info","message":"Received request: POST /graphql"}
{"timestamp":"2.7.2024, 11:28:02","level":"info","message":"Received request: POST /graphql"}
{"timestamp":"2.7.2024, 11:28:04","level":"info","message":"Received request: POST /graphql"}
{"timestamp":"2.7.2024, 11:28:06","level":"info","message":"Received request: POST /graphql"}
{"timestamp":"2.7.2024, 11:28:08","level":"info","message":"Received request: POST /graphql"}
{"timestamp":"2.7.2024, 11:28:10","level":"info","message":"Received request: POST /graphql"}
{"timestamp":"2.7.2024, 11:28:12","level":"info","message":"Received request: POST /graphql"}
{"timestamp":"2.7.2024, 11:28:14","level":"info","message":"Received request: POST /graphql"}
{"timestamp":"2.7.2024, 11:28:16","level":"info","message":"Received request: POST /graphql"}
{"timestamp":"2.7.2024, 11:28:18","level":"info","message":"Received request: POST /graphql"}
{"timestamp":"2.7.2024, 11:28:20","level":"info","message":"Received request: POST /graphql"}
{"timestamp":"2.7.2024, 11:28:20","level":"info","message":"Received request: POST /graphql"}
{"timestamp":"2.7.2024, 11:28:22","level":"info","message":"Received request: POST /graphql"}
{"timestamp":"2.7.2024, 11:28:24","level":"info","message":"Received request: POST /graphql"}
{"timestamp":"2.7.2024, 11:31:04","level":"info","message":"Starting server..."}
{"timestamp":"2.7.2024, 11:31:04","level":"info","message":"Starting server..."}
{"timestamp":"2.7.2024, 11:31:04","level":"info","message":"Connected to the database"}
{"timestamp":"2.7.2024, 11:31:04","level":"info","message":"Connected to the database"}
{"timestamp":"2.7.2024, 11:31:05","level":"info","message":"Server is running on http://localhost:4003/graphql"}
{"timestamp":"2.7.2024, 11:31:32","level":"info","message":"Starting server..."}
{"timestamp":"2.7.2024, 11:31:32","level":"info","message":"Starting server..."}
{"timestamp":"2.7.2024, 11:31:32","level":"info","message":"Connected to the database"}
{"timestamp":"2.7.2024, 11:31:32","level":"info","message":"Connected to the database"}
{"timestamp":"2.7.2024, 11:31:32","level":"info","message":"Server is running on http://localhost:4003/graphql"}
{"timestamp":"2.7.2024, 11:33:59","level":"info","message":"Starting server..."}
{"timestamp":"2.7.2024, 11:33:59","level":"info","message":"Starting server..."}
{"timestamp":"2.7.2024, 11:34:00","level":"info","message":"Connected to the database"}
{"timestamp":"2.7.2024, 11:34:00","level":"info","message":"Connected to the database"}
{"timestamp":"2.7.2024, 11:34:00","level":"info","message":"Server is running on http://localhost:4003/graphql"}
{"timestamp":"2.7.2024, 11:45:40","level":"info","message":"Starting server..."}
{"timestamp":"2.7.2024, 11:45:40","level":"info","message":"Connected to the database"}
{"timestamp":"2.7.2024, 11:45:40","level":"info","message":"Server is running on http://localhost:4000/graphql"}
{"timestamp":"2.7.2024, 11:45:50","level":"info","message":"Received request: GET /graphql"}
{"timestamp":"2.7.2024, 11:45:52","level":"info","message":"Received request: POST /graphql"}
{"timestamp":"2.7.2024, 11:45:53","level":"info","message":"Received request: POST /graphql"}
{"timestamp":"2.7.2024, 11:45:55","level":"info","message":"Received request: POST /graphql"}
{"timestamp":"2.7.2024, 11:45:57","level":"info","message":"Received request: POST /graphql"}
{"timestamp":"2.7.2024, 11:45:59","level":"info","message":"Received request: POST /graphql"}
{"timestamp":"2.7.2024, 11:46:01","level":"info","message":"Received request: POST /graphql"}
{"timestamp":"2.7.2024, 11:46:03","level":"info","message":"Received request: POST /graphql"}
{"timestamp":"2.7.2024, 11:46:05","level":"info","message":"Received request: POST /graphql"}
{"timestamp":"2.7.2024, 11:46:05","level":"info","message":"Received request: POST /graphql"}
{"timestamp":"2.7.2024, 11:46:07","level":"info","message":"Received request: POST /graphql"}
{"timestamp":"2.7.2024, 11:46:09","level":"info","message":"Received request: POST /graphql"}
{"timestamp":"2.7.2024, 11:46:11","level":"info","message":"Received request: POST /graphql"}
{"timestamp":"2.7.2024, 11:46:13","level":"info","message":"Received request: POST /graphql"}
{"timestamp":"2.7.2024, 11:46:15","level":"info","message":"Received request: POST /graphql"}
{"timestamp":"2.7.2024, 11:46:18","level":"info","message":"Received request: POST /graphql"}
{"timestamp":"2.7.2024, 11:46:20","level":"info","message":"Received request: POST /graphql"}
{"timestamp":"2.7.2024, 11:46:22","level":"info","message":"Received request: POST /graphql"}
{"timestamp":"2.7.2024, 11:46:24","level":"info","message":"Received request: POST /graphql"}
{"timestamp":"2.7.2024, 11:46:26","level":"info","message":"Received request: POST /graphql"}
{"timestamp":"2.7.2024, 11:46:28","level":"info","message":"Received request: POST /graphql"}
{"timestamp":"2.7.2024, 11:46:30","level":"info","message":"Received request: POST /graphql"}
{"timestamp":"2.7.2024, 11:46:32","level":"info","message":"Received request: POST /graphql"}
{"timestamp":"2.7.2024, 11:46:34","level":"info","message":"Received request: POST /graphql"}
{"timestamp":"2.7.2024, 11:46:36","level":"info","message":"Received request: POST /graphql"}
{"timestamp":"2.7.2024, 11:46:38","level":"info","message":"Received request: POST /graphql"}
{"timestamp":"2.7.2024, 11:46:40","level":"info","message":"Received request: POST /graphql"}
{"timestamp":"2.7.2024, 11:46:42","level":"info","message":"Received request: POST /graphql"}
{"timestamp":"2.7.2024, 11:46:44","level":"info","message":"Received request: POST /graphql"}
{"timestamp":"2.7.2024, 11:46:46","level":"info","message":"Received request: POST /graphql"}
{"timestamp":"2.7.2024, 11:46:48","level":"info","message":"Received request: POST /graphql"}
{"timestamp":"2.7.2024, 11:46:50","level":"info","message":"Received request: POST /graphql"}
{"timestamp":"2.7.2024, 11:46:52","level":"info","message":"Received request: POST /graphql"}
{"timestamp":"2.7.2024, 11:46:54","level":"info","message":"Received request: POST /graphql"}
{"timestamp":"2.7.2024, 11:46:56","level":"info","message":"Received request: POST /graphql"}
{"timestamp":"2.7.2024, 11:46:58","level":"info","message":"Received request: POST /graphql"}
{"timestamp":"2.7.2024, 11:47:00","level":"info","message":"Received request: POST /graphql"}
{"timestamp":"2.7.2024, 11:47:02","level":"info","message":"Received request: POST /graphql"}
{"timestamp":"2.7.2024, 11:47:04","level":"info","message":"Received request: POST /graphql"}
{"timestamp":"2.7.2024, 11:47:06","level":"info","message":"Received request: POST /graphql"}
{"timestamp":"2.7.2024, 11:47:08","level":"info","message":"Received request: POST /graphql"}
{"timestamp":"2.7.2024, 11:47:10","level":"info","message":"Received request: POST /graphql"}
{"timestamp":"2.7.2024, 11:47:12","level":"info","message":"Received request: POST /graphql"}
{"timestamp":"2.7.2024, 11:47:14","level":"info","message":"Received request: POST /graphql"}
{"timestamp":"2.7.2024, 11:47:16","level":"info","message":"Received request: POST /graphql"}
{"timestamp":"2.7.2024, 11:47:18","level":"info","message":"Received request: POST /graphql"}
{"timestamp":"2.7.2024, 11:47:21","level":"info","message":"Received request: POST /graphql"}
{"timestamp":"2.7.2024, 11:47:23","level":"info","message":"Received request: POST /graphql"}
{"timestamp":"2.7.2024, 11:47:25","level":"info","message":"Received request: POST /graphql"}
{"timestamp":"2.7.2024, 11:47:27","level":"info","message":"Received request: POST /graphql"}
{"timestamp":"2.7.2024, 11:47:29","level":"info","message":"Received request: POST /graphql"}
{"timestamp":"2.7.2024, 11:47:31","level":"info","message":"Received request: POST /graphql"}
{"timestamp":"2.7.2024, 11:47:33","level":"info","message":"Received request: POST /graphql"}
{"timestamp":"2.7.2024, 11:47:35","level":"info","message":"Received request: POST /graphql"}
{"timestamp":"2.7.2024, 11:47:37","level":"info","message":"Received request: POST /graphql"}
{"timestamp":"2.7.2024, 11:47:39","level":"info","message":"Received request: POST /graphql"}
{"timestamp":"2.7.2024, 11:47:41","level":"info","message":"Received request: POST /graphql"}
{"timestamp":"2.7.2024, 11:47:43","level":"info","message":"Received request: POST /graphql"}
{"timestamp":"2.7.2024, 11:47:45","level":"info","message":"Received request: POST /graphql"}
{"timestamp":"2.7.2024, 11:47:47","level":"info","message":"Received request: POST /graphql"}
{"timestamp":"2.7.2024, 11:47:49","level":"info","message":"Received request: POST /graphql"}
{"timestamp":"2.7.2024, 11:47:51","level":"info","message":"Received request: POST /graphql"}
{"timestamp":"2.7.2024, 11:47:53","level":"info","message":"Received request: POST /graphql"}
{"timestamp":"2.7.2024, 11:47:55","level":"info","message":"Received request: POST /graphql"}
{"timestamp":"2.7.2024, 11:47:57","level":"info","message":"Received request: POST /graphql"}
{"timestamp":"2.7.2024, 11:47:59","level":"info","message":"Received request: POST /graphql"}
{"timestamp":"2.7.2024, 11:48:01","level":"info","message":"Received request: POST /graphql"}
{"timestamp":"2.7.2024, 11:48:03","level":"info","message":"Received request: POST /graphql"}
{"timestamp":"2.7.2024, 11:48:05","level":"info","message":"Received request: POST /graphql"}
{"timestamp":"2.7.2024, 11:48:07","level":"info","message":"Received request: POST /graphql"}
{"timestamp":"2.7.2024, 11:48:09","level":"info","message":"Received request: POST /graphql"}
{"timestamp":"2.7.2024, 11:48:11","level":"info","message":"Received request: POST /graphql"}
{"timestamp":"2.7.2024, 11:48:13","level":"info","message":"Received request: POST /graphql"}
{"timestamp":"2.7.2024, 11:48:15","level":"info","message":"Received request: POST /graphql"}
{"timestamp":"2.7.2024, 11:48:17","level":"info","message":"Received request: POST /graphql"}
{"timestamp":"2.7.2024, 11:48:19","level":"info","message":"Received request: POST /graphql"}
{"timestamp":"2.7.2024, 11:48:21","level":"info","message":"Received request: POST /graphql"}
{"timestamp":"2.7.2024, 11:48:23","level":"info","message":"Received request: POST /graphql"}
{"timestamp":"2.7.2024, 11:48:25","level":"info","message":"Received request: POST /graphql"}
{"timestamp":"2.7.2024, 11:48:28","level":"info","message":"Received request: POST /graphql"}
{"timestamp":"2.7.2024, 11:48:30","level":"info","message":"Received request: POST /graphql"}
{"timestamp":"2.7.2024, 11:48:32","level":"info","message":"Received request: POST /graphql"}
{"timestamp":"2.7.2024, 11:48:34","level":"info","message":"Received request: POST /graphql"}
{"timestamp":"2.7.2024, 11:48:36","level":"info","message":"Received request: POST /graphql"}
{"timestamp":"2.7.2024, 11:48:38","level":"info","message":"Received request: POST /graphql"}
{"timestamp":"2.7.2024, 11:48:40","level":"info","message":"Received request: POST /graphql"}
{"timestamp":"2.7.2024, 11:48:42","level":"info","message":"Received request: POST /graphql"}
{"timestamp":"2.7.2024, 11:48:44","level":"info","message":"Received request: POST /graphql"}
{"timestamp":"2.7.2024, 11:48:46","level":"info","message":"Received request: POST /graphql"}
{"timestamp":"2.7.2024, 11:48:48","level":"info","message":"Received request: POST /graphql"}
{"timestamp":"2.7.2024, 11:48:50","level":"info","message":"Received request: POST /graphql"}
{"timestamp":"2.7.2024, 11:48:52","level":"info","message":"Received request: POST /graphql"}
{"timestamp":"2.7.2024, 11:48:54","level":"info","message":"Received request: POST /graphql"}
{"timestamp":"2.7.2024, 11:48:56","level":"info","message":"Received request: POST /graphql"}
{"timestamp":"2.7.2024, 11:48:58","level":"info","message":"Received request: POST /graphql"}
{"timestamp":"2.7.2024, 11:49:00","level":"info","message":"Received request: POST /graphql"}
{"timestamp":"2.7.2024, 11:49:02","level":"info","message":"Received request: POST /graphql"}
{"timestamp":"2.7.2024, 11:49:04","level":"info","message":"Received request: POST /graphql"}
{"timestamp":"2.7.2024, 11:49:06","level":"info","message":"Received request: POST /graphql"}
{"timestamp":"2.7.2024, 11:49:08","level":"info","message":"Received request: POST /graphql"}
{"timestamp":"2.7.2024, 11:49:10","level":"info","message":"Received request: POST /graphql"}
{"timestamp":"2.7.2024, 11:49:12","level":"info","message":"Received request: POST /graphql"}
{"timestamp":"2.7.2024, 11:49:14","level":"info","message":"Received request: POST /graphql"}
{"timestamp":"2.7.2024, 11:49:16","level":"info","message":"Received request: POST /graphql"}
{"timestamp":"2.7.2024, 11:49:18","level":"info","message":"Received request: POST /graphql"}
{"timestamp":"2.7.2024, 11:49:20","level":"info","message":"Received request: POST /graphql"}
{"timestamp":"2.7.2024, 11:49:22","level":"info","message":"Received request: POST /graphql"}
{"timestamp":"2.7.2024, 11:49:24","level":"info","message":"Received request: POST /graphql"}
{"timestamp":"2.7.2024, 11:49:26","level":"info","message":"Received request: POST /graphql"}
{"timestamp":"2.7.2024, 11:49:28","level":"info","message":"Received request: POST /graphql"}
{"timestamp":"2.7.2024, 11:49:30","level":"info","message":"Received request: POST /graphql"}
{"timestamp":"2.7.2024, 11:49:32","level":"info","message":"Received request: POST /graphql"}
{"timestamp":"2.7.2024, 11:49:35","level":"info","message":"Received request: POST /graphql"}
{"timestamp":"2.7.2024, 11:49:37","level":"info","message":"Received request: POST /graphql"}
{"timestamp":"2.7.2024, 11:49:39","level":"info","message":"Received request: POST /graphql"}
{"timestamp":"2.7.2024, 11:49:41","level":"info","message":"Received request: POST /graphql"}
{"timestamp":"2.7.2024, 11:49:43","level":"info","message":"Received request: POST /graphql"}
{"timestamp":"2.7.2024, 11:49:45","level":"info","message":"Received request: POST /graphql"}
{"timestamp":"2.7.2024, 11:49:47","level":"info","message":"Received request: POST /graphql"}
{"timestamp":"2.7.2024, 11:49:49","level":"info","message":"Received request: POST /graphql"}
{"timestamp":"2.7.2024, 11:49:51","level":"info","message":"Received request: POST /graphql"}
{"timestamp":"2.7.2024, 11:49:53","level":"info","message":"Received request: POST /graphql"}
{"timestamp":"2.7.2024, 11:49:55","level":"info","message":"Received request: POST /graphql"}
{"timestamp":"2.7.2024, 11:49:57","level":"info","message":"Received request: POST /graphql"}
{"timestamp":"2.7.2024, 11:49:59","level":"info","message":"Received request: POST /graphql"}
{"timestamp":"2.7.2024, 11:50:01","level":"info","message":"Received request: POST /graphql"}
{"timestamp":"2.7.2024, 11:50:03","level":"info","message":"Received request: POST /graphql"}
{"timestamp":"2.7.2024, 11:50:05","level":"info","message":"Received request: POST /graphql"}
{"timestamp":"2.7.2024, 11:50:07","level":"info","message":"Received request: POST /graphql"}
{"timestamp":"2.7.2024, 11:50:09","level":"info","message":"Received request: POST /graphql"}
{"timestamp":"2.7.2024, 12:05:36","level":"info","message":"Received request: POST /graphql"}
{"timestamp":"2.7.2024, 12:05:38","level":"info","message":"Received request: POST /graphql"}
{"timestamp":"2.7.2024, 12:05:40","level":"info","message":"Received request: POST /graphql"}
{"timestamp":"2.7.2024, 12:05:42","level":"info","message":"Received request: POST /graphql"}
{"timestamp":"2.7.2024, 12:05:44","level":"info","message":"Received request: POST /graphql"}
{"timestamp":"2.7.2024, 12:05:46","level":"info","message":"Received request: POST /graphql"}
{"timestamp":"2.7.2024, 12:05:48","level":"info","message":"Received request: POST /graphql"}
{"timestamp":"2.7.2024, 12:05:50","level":"info","message":"Received request: POST /graphql"}
{"timestamp":"2.7.2024, 12:05:52","level":"info","message":"Received request: POST /graphql"}
{"timestamp":"2.7.2024, 12:05:54","level":"info","message":"Received request: POST /graphql"}
{"timestamp":"2.7.2024, 12:05:56","level":"info","message":"Received request: POST /graphql"}
{"timestamp":"2.7.2024, 12:05:58","level":"info","message":"Received request: POST /graphql"}
{"timestamp":"2.7.2024, 12:06:00","level":"info","message":"Received request: POST /graphql"}
{"timestamp":"2.7.2024, 12:06:02","level":"info","message":"Received request: POST /graphql"}
{"timestamp":"2.7.2024, 12:06:04","level":"info","message":"Received request: POST /graphql"}
{"timestamp":"2.7.2024, 12:06:07","level":"info","message":"Received request: POST /graphql"}
{"timestamp":"2.7.2024, 12:06:09","level":"info","message":"Received request: POST /graphql"}
{"timestamp":"2.7.2024, 12:06:11","level":"info","message":"Received request: POST /graphql"}
{"timestamp":"2.7.2024, 12:06:13","level":"info","message":"Received request: POST /graphql"}
{"timestamp":"2.7.2024, 12:06:15","level":"info","message":"Received request: POST /graphql"}
{"timestamp":"2.7.2024, 12:06:17","level":"info","message":"Received request: POST /graphql"}
{"timestamp":"2.7.2024, 12:06:19","level":"info","message":"Received request: POST /graphql"}
{"timestamp":"2.7.2024, 12:06:21","level":"info","message":"Received request: POST /graphql"}
{"timestamp":"2.7.2024, 12:06:23","level":"info","message":"Received request: POST /graphql"}
{"timestamp":"2.7.2024, 12:06:25","level":"info","message":"Received request: POST /graphql"}
{"timestamp":"2.7.2024, 12:06:27","level":"info","message":"Received request: POST /graphql"}
{"timestamp":"2.7.2024, 12:06:29","level":"info","message":"Received request: POST /graphql"}
{"timestamp":"2.7.2024, 12:06:31","level":"info","message":"Received request: POST /graphql"}
{"timestamp":"2.7.2024, 12:06:33","level":"info","message":"Received request: POST /graphql"}
{"timestamp":"2.7.2024, 12:06:35","level":"info","message":"Received request: POST /graphql"}
{"timestamp":"2.7.2024, 12:06:37","level":"info","message":"Received request: POST /graphql"}
{"timestamp":"2.7.2024, 12:06:39","level":"info","message":"Received request: POST /graphql"}
{"timestamp":"2.7.2024, 12:06:41","level":"info","message":"Received request: POST /graphql"}
{"timestamp":"2.7.2024, 12:06:43","level":"info","message":"Received request: POST /graphql"}
{"timestamp":"2.7.2024, 12:06:45","level":"info","message":"Received request: POST /graphql"}
{"timestamp":"2.7.2024, 12:06:47","level":"info","message":"Received request: POST /graphql"}
{"timestamp":"2.7.2024, 12:06:49","level":"info","message":"Received request: POST /graphql"}
{"timestamp":"2.7.2024, 12:06:51","level":"info","message":"Received request: POST /graphql"}
{"timestamp":"2.7.2024, 12:06:53","level":"info","message":"Received request: POST /graphql"}
{"timestamp":"2.7.2024, 12:06:55","level":"info","message":"Received request: POST /graphql"}
{"timestamp":"2.7.2024, 12:06:57","level":"info","message":"Received request: POST /graphql"}
{"timestamp":"2.7.2024, 12:06:59","level":"info","message":"Received request: POST /graphql"}
{"timestamp":"2.7.2024, 12:07:01","level":"info","message":"Received request: POST /graphql"}
{"timestamp":"2.7.2024, 12:07:03","level":"info","message":"Received request: POST /graphql"}
{"timestamp":"2.7.2024, 12:07:05","level":"info","message":"Received request: POST /graphql"}
{"timestamp":"2.7.2024, 12:07:07","level":"info","message":"Received request: POST /graphql"}
{"timestamp":"2.7.2024, 12:07:09","level":"info","message":"Received request: POST /graphql"}
{"timestamp":"2.7.2024, 12:07:12","level":"info","message":"Received request: POST /graphql"}
{"timestamp":"2.7.2024, 12:07:14","level":"info","message":"Received request: POST /graphql"}
{"timestamp":"2.7.2024, 12:07:16","level":"info","message":"Received request: POST /graphql"}
{"timestamp":"2.7.2024, 12:07:18","level":"info","message":"Received request: POST /graphql"}
{"timestamp":"2.7.2024, 12:07:20","level":"info","message":"Received request: POST /graphql"}
{"timestamp":"2.7.2024, 12:07:22","level":"info","message":"Received request: POST /graphql"}
{"timestamp":"2.7.2024, 12:07:24","level":"info","message":"Received request: POST /graphql"}
{"timestamp":"2.7.2024, 12:07:26","level":"info","message":"Received request: POST /graphql"}
{"timestamp":"2.7.2024, 12:07:28","level":"info","message":"Received request: POST /graphql"}
{"timestamp":"2.7.2024, 12:07:30","level":"info","message":"Received request: POST /graphql"}
{"timestamp":"2.7.2024, 12:07:32","level":"info","message":"Received request: POST /graphql"}
{"timestamp":"2.7.2024, 12:07:34","level":"info","message":"Received request: POST /graphql"}
{"timestamp":"2.7.2024, 12:07:36","level":"info","message":"Received request: POST /graphql"}
{"timestamp":"2.7.2024, 12:07:38","level":"info","message":"Received request: POST /graphql"}
{"timestamp":"2.7.2024, 12:07:40","level":"info","message":"Received request: POST /graphql"}
{"timestamp":"2.7.2024, 12:07:42","level":"info","message":"Received request: POST /graphql"}
{"timestamp":"2.7.2024, 12:07:44","level":"info","message":"Received request: POST /graphql"}
{"timestamp":"2.7.2024, 12:07:46","level":"info","message":"Received request: POST /graphql"}
{"timestamp":"2.7.2024, 12:07:48","level":"info","message":"Received request: POST /graphql"}
{"timestamp":"2.7.2024, 12:07:50","level":"info","message":"Received request: POST /graphql"}
{"timestamp":"2.7.2024, 12:07:52","level":"info","message":"Received request: POST /graphql"}
{"timestamp":"2.7.2024, 12:07:54","level":"info","message":"Received request: POST /graphql"}
{"timestamp":"2.7.2024, 12:07:56","level":"info","message":"Received request: POST /graphql"}
{"timestamp":"2.7.2024, 12:07:58","level":"info","message":"Received request: POST /graphql"}
{"timestamp":"2.7.2024, 12:08:00","level":"info","message":"Received request: POST /graphql"}
{"timestamp":"2.7.2024, 12:08:02","level":"info","message":"Received request: POST /graphql"}
{"timestamp":"2.7.2024, 12:08:04","level":"info","message":"Received request: POST /graphql"}
{"timestamp":"2.7.2024, 12:08:06","level":"info","message":"Received request: POST /graphql"}
{"timestamp":"2.7.2024, 12:08:08","level":"info","message":"Received request: POST /graphql"}
{"timestamp":"2.7.2024, 12:08:10","level":"info","message":"Received request: POST /graphql"}
{"timestamp":"2.7.2024, 12:08:12","level":"info","message":"Received request: POST /graphql"}
{"timestamp":"2.7.2024, 12:08:14","level":"info","message":"Received request: POST /graphql"}
{"timestamp":"2.7.2024, 12:08:16","level":"info","message":"Received request: POST /graphql"}
{"timestamp":"2.7.2024, 12:08:18","level":"info","message":"Received request: POST /graphql"}
{"timestamp":"2.7.2024, 12:08:21","level":"info","message":"Received request: POST /graphql"}
{"timestamp":"2.7.2024, 12:08:23","level":"info","message":"Received request: POST /graphql"}
{"timestamp":"2.7.2024, 12:08:25","level":"info","message":"Received request: POST /graphql"}
{"timestamp":"2.7.2024, 12:08:27","level":"info","message":"Received request: POST /graphql"}
{"timestamp":"2.7.2024, 12:08:29","level":"info","message":"Received request: POST /graphql"}
{"timestamp":"2.7.2024, 12:08:31","level":"info","message":"Received request: POST /graphql"}
{"timestamp":"2.7.2024, 12:08:33","level":"info","message":"Received request: POST /graphql"}
{"timestamp":"2.7.2024, 12:08:35","level":"info","message":"Received request: POST /graphql"}
{"timestamp":"2.7.2024, 12:08:37","level":"info","message":"Received request: POST /graphql"}
{"timestamp":"2.7.2024, 12:08:39","level":"info","message":"Received request: POST /graphql"}
{"timestamp":"2.7.2024, 12:08:41","level":"info","message":"Received request: POST /graphql"}
{"timestamp":"2.7.2024, 12:08:43","level":"info","message":"Received request: POST /graphql"}
{"timestamp":"2.7.2024, 12:08:45","level":"info","message":"Received request: POST /graphql"}
{"timestamp":"2.7.2024, 12:08:47","level":"info","message":"Received request: POST /graphql"}
{"timestamp":"2.7.2024, 12:08:49","level":"info","message":"Received request: POST /graphql"}
{"timestamp":"2.7.2024, 12:08:51","level":"info","message":"Received request: POST /graphql"}
{"timestamp":"2.7.2024, 12:08:53","level":"info","message":"Received request: POST /graphql"}
{"timestamp":"2.7.2024, 12:08:55","level":"info","message":"Received request: POST /graphql"}
{"timestamp":"2.7.2024, 12:08:57","level":"info","message":"Received request: POST /graphql"}
{"timestamp":"2.7.2024, 12:08:59","level":"info","message":"Received request: POST /graphql"}
{"timestamp":"2.7.2024, 12:09:01","level":"info","message":"Received request: POST /graphql"}
{"timestamp":"2.7.2024, 12:09:03","level":"info","message":"Received request: POST /graphql"}
{"timestamp":"2.7.2024, 12:09:05","level":"info","message":"Received request: POST /graphql"}
{"timestamp":"2.7.2024, 12:09:07","level":"info","message":"Received request: POST /graphql"}
{"timestamp":"2.7.2024, 12:09:09","level":"info","message":"Received request: POST /graphql"}
{"timestamp":"2.7.2024, 12:09:11","level":"info","message":"Received request: POST /graphql"}
{"timestamp":"2.7.2024, 12:09:13","level":"info","message":"Received request: POST /graphql"}
{"timestamp":"2.7.2024, 12:09:15","level":"info","message":"Received request: POST /graphql"}
{"timestamp":"2.7.2024, 12:09:17","level":"info","message":"Received request: POST /graphql"}
{"timestamp":"2.7.2024, 12:09:19","level":"info","message":"Received request: POST /graphql"}
{"timestamp":"2.7.2024, 12:09:21","level":"info","message":"Received request: POST /graphql"}
{"timestamp":"2.7.2024, 12:09:23","level":"info","message":"Received request: POST /graphql"}
{"timestamp":"2.7.2024, 12:09:25","level":"info","message":"Received request: POST /graphql"}
{"timestamp":"2.7.2024, 12:09:28","level":"info","message":"Received request: POST /graphql"}
{"timestamp":"2.7.2024, 12:09:30","level":"info","message":"Received request: POST /graphql"}
{"timestamp":"2.7.2024, 12:09:32","level":"info","message":"Received request: POST /graphql"}
{"timestamp":"2.7.2024, 12:09:34","level":"info","message":"Received request: POST /graphql"}
{"timestamp":"2.7.2024, 12:09:36","level":"info","message":"Received request: POST /graphql"}
{"timestamp":"2.7.2024, 12:09:38","level":"info","message":"Received request: POST /graphql"}
{"timestamp":"2.7.2024, 12:09:40","level":"info","message":"Received request: POST /graphql"}
{"timestamp":"2.7.2024, 12:09:42","level":"info","message":"Received request: POST /graphql"}
{"timestamp":"2.7.2024, 12:24:23","level":"info","message":"Received request: POST /graphql"}
{"timestamp":"2.7.2024, 12:24:26","level":"info","message":"Received request: POST /graphql"}
{"timestamp":"2.7.2024, 12:24:28","level":"info","message":"Received request: POST /graphql"}
{"timestamp":"2.7.2024, 12:24:30","level":"info","message":"Received request: POST /graphql"}
{"timestamp":"2.7.2024, 12:24:33","level":"info","message":"Received request: POST /graphql"}
{"timestamp":"2.7.2024, 12:24:35","level":"info","message":"Received request: POST /graphql"}
{"timestamp":"2.7.2024, 12:24:37","level":"info","message":"Received request: POST /graphql"}
{"timestamp":"2.7.2024, 12:24:39","level":"info","message":"Received request: POST /graphql"}
{"timestamp":"2.7.2024, 12:24:41","level":"info","message":"Received request: POST /graphql"}
{"timestamp":"2.7.2024, 12:24:43","level":"info","message":"Received request: POST /graphql"}
{"timestamp":"2.7.2024, 12:24:45","level":"info","message":"Received request: POST /graphql"}
{"timestamp":"2.7.2024, 12:24:47","level":"info","message":"Received request: POST /graphql"}
{"timestamp":"2.7.2024, 12:24:49","level":"info","message":"Received request: POST /graphql"}
{"timestamp":"2.7.2024, 12:24:51","level":"info","message":"Received request: POST /graphql"}
{"timestamp":"2.7.2024, 12:24:53","level":"info","message":"Received request: POST /graphql"}
{"timestamp":"2.7.2024, 12:24:55","level":"info","message":"Received request: POST /graphql"}
{"timestamp":"2.7.2024, 12:24:57","level":"info","message":"Received request: POST /graphql"}
{"timestamp":"2.7.2024, 12:24:59","level":"info","message":"Received request: POST /graphql"}
{"timestamp":"2.7.2024, 12:25:01","level":"info","message":"Received request: POST /graphql"}
{"timestamp":"2.7.2024, 12:25:03","level":"info","message":"Received request: POST /graphql"}
{"timestamp":"2.7.2024, 12:25:05","level":"info","message":"Received request: POST /graphql"}
{"timestamp":"2.7.2024, 12:25:07","level":"info","message":"Received request: POST /graphql"}
{"timestamp":"2.7.2024, 12:25:09","level":"info","message":"Received request: POST /graphql"}
{"timestamp":"2.7.2024, 12:25:11","level":"info","message":"Received request: POST /graphql"}
{"timestamp":"2.7.2024, 12:25:13","level":"info","message":"Received request: POST /graphql"}
{"timestamp":"2.7.2024, 12:25:15","level":"info","message":"Received request: POST /graphql"}
{"timestamp":"2.7.2024, 12:25:17","level":"info","message":"Received request: POST /graphql"}
{"timestamp":"2.7.2024, 12:25:19","level":"info","message":"Received request: POST /graphql"}
{"timestamp":"2.7.2024, 12:25:21","level":"info","message":"Received request: POST /graphql"}
{"timestamp":"2.7.2024, 12:25:23","level":"info","message":"Received request: POST /graphql"}
{"timestamp":"2.7.2024, 12:25:25","level":"info","message":"Received request: POST /graphql"}
{"timestamp":"2.7.2024, 12:25:27","level":"info","message":"Received request: POST /graphql"}
{"timestamp":"2.7.2024, 12:25:29","level":"info","message":"Received request: POST /graphql"}
{"timestamp":"2.7.2024, 12:25:31","level":"info","message":"Received request: POST /graphql"}
{"timestamp":"2.7.2024, 12:25:33","level":"info","message":"Received request: POST /graphql"}
{"timestamp":"2.7.2024, 12:25:35","level":"info","message":"Received request: POST /graphql"}
{"timestamp":"2.7.2024, 12:25:38","level":"info","message":"Received request: POST /graphql"}
{"timestamp":"2.7.2024, 12:25:40","level":"info","message":"Received request: POST /graphql"}
{"timestamp":"2.7.2024, 12:25:42","level":"info","message":"Received request: POST /graphql"}
{"timestamp":"2.7.2024, 12:25:44","level":"info","message":"Received request: POST /graphql"}
{"timestamp":"2.7.2024, 12:25:46","level":"info","message":"Received request: POST /graphql"}
{"timestamp":"2.7.2024, 12:25:48","level":"info","message":"Received request: POST /graphql"}
{"timestamp":"2.7.2024, 12:25:50","level":"info","message":"Received request: POST /graphql"}
{"timestamp":"2.7.2024, 12:25:52","level":"info","message":"Received request: POST /graphql"}
{"timestamp":"2.7.2024, 12:25:54","level":"info","message":"Received request: POST /graphql"}
{"timestamp":"2.7.2024, 12:25:56","level":"info","message":"Received request: POST /graphql"}
{"timestamp":"2.7.2024, 12:25:58","level":"info","message":"Received request: POST /graphql"}
{"timestamp":"2.7.2024, 12:26:00","level":"info","message":"Received request: POST /graphql"}
{"timestamp":"2.7.2024, 12:26:02","level":"info","message":"Received request: POST /graphql"}
{"timestamp":"2.7.2024, 12:26:04","level":"info","message":"Received request: POST /graphql"}
{"timestamp":"2.7.2024, 12:26:06","level":"info","message":"Received request: POST /graphql"}
{"timestamp":"2.7.2024, 12:26:08","level":"info","message":"Received request: POST /graphql"}
{"timestamp":"2.7.2024, 12:26:10","level":"info","message":"Received request: POST /graphql"}
{"timestamp":"2.7.2024, 12:26:12","level":"info","message":"Received request: POST /graphql"}
{"timestamp":"2.7.2024, 12:26:14","level":"info","message":"Received request: POST /graphql"}
{"timestamp":"2.7.2024, 12:26:16","level":"info","message":"Received request: POST /graphql"}
{"timestamp":"2.7.2024, 12:26:18","level":"info","message":"Received request: POST /graphql"}
{"timestamp":"2.7.2024, 12:26:20","level":"info","message":"Received request: POST /graphql"}
{"timestamp":"2.7.2024, 12:26:22","level":"info","message":"Received request: POST /graphql"}
{"timestamp":"2.7.2024, 12:26:24","level":"info","message":"Received request: POST /graphql"}
{"timestamp":"2.7.2024, 12:26:26","level":"info","message":"Received request: POST /graphql"}
{"timestamp":"2.7.2024, 12:26:28","level":"info","message":"Received request: POST /graphql"}
{"timestamp":"2.7.2024, 12:26:30","level":"info","message":"Received request: POST /graphql"}
{"timestamp":"2.7.2024, 12:26:32","level":"info","message":"Received request: POST /graphql"}
{"timestamp":"2.7.2024, 12:26:34","level":"info","message":"Received request: POST /graphql"}
{"timestamp":"2.7.2024, 12:26:36","level":"info","message":"Received request: POST /graphql"}
{"timestamp":"2.7.2024, 12:26:51","level":"info","message":"Received request: POST /graphql"}
{"timestamp":"2.7.2024, 12:26:53","level":"info","message":"Received request: POST /graphql"}
{"timestamp":"2.7.2024, 12:26:55","level":"info","message":"Received request: POST /graphql"}
{"timestamp":"2.7.2024, 12:26:57","level":"info","message":"Received request: POST /graphql"}
{"timestamp":"2.7.2024, 12:26:59","level":"info","message":"Received request: POST /graphql"}
{"timestamp":"2.7.2024, 12:27:02","level":"info","message":"Received request: POST /graphql"}
{"timestamp":"2.7.2024, 12:27:04","level":"info","message":"Received request: POST /graphql"}
{"timestamp":"2.7.2024, 12:27:06","level":"info","message":"Received request: POST /graphql"}
{"timestamp":"2.7.2024, 12:27:08","level":"info","message":"Received request: POST /graphql"}
{"timestamp":"2.7.2024, 12:27:10","level":"info","message":"Received request: POST /graphql"}
{"timestamp":"2.7.2024, 12:27:12","level":"info","message":"Received request: POST /graphql"}
{"timestamp":"2.7.2024, 12:27:14","level":"info","message":"Received request: POST /graphql"}
{"timestamp":"2.7.2024, 12:27:55","level":"info","message":"Received request: POST /graphql"}
{"timestamp":"2.7.2024, 12:27:57","level":"info","message":"Received request: POST /graphql"}
{"timestamp":"2.7.2024, 12:27:59","level":"info","message":"Received request: POST /graphql"}
{"timestamp":"2.7.2024, 12:28:01","level":"info","message":"Received request: POST /graphql"}
{"timestamp":"2.7.2024, 12:28:03","level":"info","message":"Received request: POST /graphql"}
{"timestamp":"2.7.2024, 12:28:05","level":"info","message":"Received request: POST /graphql"}
{"timestamp":"2.7.2024, 12:28:07","level":"info","message":"Received request: POST /graphql"}
{"timestamp":"2.7.2024, 12:28:10","level":"info","message":"Received request: POST /graphql"}
{"timestamp":"2.7.2024, 12:28:12","level":"info","message":"Received request: POST /graphql"}
{"timestamp":"2.7.2024, 12:28:14","level":"info","message":"Received request: POST /graphql"}
{"timestamp":"2.7.2024, 12:28:16","level":"info","message":"Received request: POST /graphql"}
{"timestamp":"2.7.2024, 12:28:18","level":"info","message":"Received request: POST /graphql"}
{"timestamp":"2.7.2024, 12:28:20","level":"info","message":"Received request: POST /graphql"}
{"timestamp":"2.7.2024, 12:28:27","level":"info","message":"Received request: POST /graphql"}
{"timestamp":"2.7.2024, 12:28:29","level":"info","message":"Received request: POST /graphql"}
{"timestamp":"2.7.2024, 12:28:51","level":"info","message":"Received request: POST /graphql"}
{"timestamp":"2.7.2024, 12:28:53","level":"info","message":"Received request: POST /graphql"}
{"timestamp":"2.7.2024, 12:28:55","level":"info","message":"Received request: POST /graphql"}
{"timestamp":"2.7.2024, 12:28:57","level":"info","message":"Received request: POST /graphql"}
{"timestamp":"2.7.2024, 12:28:59","level":"info","message":"Received request: POST /graphql"}
{"timestamp":"2.7.2024, 12:29:01","level":"info","message":"Received request: POST /graphql"}
{"timestamp":"2.7.2024, 12:29:03","level":"info","message":"Received request: POST /graphql"}
{"timestamp":"2.7.2024, 12:29:05","level":"info","message":"Received request: POST /graphql"}
{"timestamp":"2.7.2024, 12:29:07","level":"info","message":"Received request: POST /graphql"}
{"timestamp":"2.7.2024, 12:29:23","level":"info","message":"Received request: POST /graphql"}
{"timestamp":"2.7.2024, 12:29:25","level":"info","message":"Received request: POST /graphql"}
{"timestamp":"2.7.2024, 12:29:27","level":"info","message":"Received request: POST /graphql"}
{"timestamp":"2.7.2024, 12:29:29","level":"info","message":"Received request: POST /graphql"}
{"timestamp":"2.7.2024, 12:29:46","level":"info","message":"Received request: POST /graphql"}
{"timestamp":"2.7.2024, 12:30:00","level":"info","message":"Starting server..."}
{"timestamp":"2.7.2024, 12:30:01","level":"info","message":"Connected to the database"}
{"timestamp":"2.7.2024, 12:30:01","level":"info","message":"Server is running on http://localhost:4000/graphql"}
{"timestamp":"2.7.2024, 12:30:32","level":"info","message":"Received request: POST /graphql"}
{"timestamp":"2.7.2024, 12:30:34","level":"info","message":"Received request: POST /graphql"}
{"timestamp":"2.7.2024, 12:30:36","level":"info","message":"Received request: POST /graphql"}
{"timestamp":"2.7.2024, 12:30:36","level":"info","message":"Received request: POST /graphql"}
{"timestamp":"2.7.2024, 12:30:38","level":"info","message":"Received request: POST /graphql"}
{"timestamp":"2.7.2024, 12:31:09","level":"info","message":"Received request: POST /graphql"}
{"timestamp":"2.7.2024, 12:31:11","level":"info","message":"Received request: POST /graphql"}
{"timestamp":"2.7.2024, 12:34:44","level":"info","message":"Received request: POST /graphql"}
{"timestamp":"2.7.2024, 12:34:47","level":"info","message":"Received request: POST /graphql"}
{"timestamp":"2.7.2024, 12:34:49","level":"info","message":"Received request: POST /graphql"}
{"timestamp":"2.7.2024, 12:34:51","level":"info","message":"Received request: POST /graphql"}
{"timestamp":"2.7.2024, 12:34:53","level":"info","message":"Received request: POST /graphql"}
{"timestamp":"2.7.2024, 12:34:55","level":"info","message":"Received request: POST /graphql"}
{"timestamp":"2.7.2024, 12:34:57","level":"info","message":"Received request: POST /graphql"}
{"timestamp":"2.7.2024, 12:34:59","level":"info","message":"Received request: POST /graphql"}
{"timestamp":"2.7.2024, 12:35:01","level":"info","message":"Received request: POST /graphql"}
{"timestamp":"2.7.2024, 12:35:03","level":"info","message":"Received request: POST /graphql"}
{"timestamp":"2.7.2024, 12:35:05","level":"info","message":"Received request: POST /graphql"}
{"timestamp":"2.7.2024, 12:36:06","level":"info","message":"Received request: POST /graphql"}
{"timestamp":"2.7.2024, 12:36:08","level":"info","message":"Received request: POST /graphql"}
{"timestamp":"2.7.2024, 12:36:10","level":"info","message":"Received request: POST /graphql"}
{"timestamp":"2.7.2024, 12:36:12","level":"info","message":"Received request: POST /graphql"}
{"timestamp":"2.7.2024, 12:36:14","level":"info","message":"Received request: POST /graphql"}
{"timestamp":"2.7.2024, 12:36:16","level":"info","message":"Received request: POST /graphql"}
{"timestamp":"2.7.2024, 12:36:18","level":"info","message":"Received request: POST /graphql"}
{"timestamp":"2.7.2024, 12:36:20","level":"info","message":"Received request: POST /graphql"}
{"timestamp":"2.7.2024, 12:36:22","level":"info","message":"Received request: POST /graphql"}
{"timestamp":"2.7.2024, 12:36:24","level":"info","message":"Received request: POST /graphql"}
{"timestamp":"2.7.2024, 12:36:26","level":"info","message":"Received request: POST /graphql"}
{"timestamp":"2.7.2024, 12:36:28","level":"info","message":"Received request: POST /graphql"}
{"timestamp":"2.7.2024, 12:36:30","level":"info","message":"Received request: POST /graphql"}
{"timestamp":"2.7.2024, 12:36:32","level":"info","message":"Received request: POST /graphql"}
{"timestamp":"2.7.2024, 12:36:34","level":"info","message":"Received request: POST /graphql"}
{"timestamp":"2.7.2024, 12:36:36","level":"info","message":"Received request: POST /graphql"}
{"timestamp":"2.7.2024, 12:36:38","level":"info","message":"Received request: POST /graphql"}
{"timestamp":"2.7.2024, 12:36:40","level":"info","message":"Received request: POST /graphql"}
{"timestamp":"2.7.2024, 12:36:42","level":"info","message":"Received request: POST /graphql"}
{"timestamp":"2.7.2024, 12:36:44","level":"info","message":"Received request: POST /graphql"}
{"timestamp":"2.7.2024, 12:36:46","level":"info","message":"Received request: POST /graphql"}
{"timestamp":"2.7.2024, 12:36:47","level":"info","message":"Received request: POST /graphql"}
{"timestamp":"2.7.2024, 12:36:48","level":"info","message":"Received request: POST /graphql"}
{"timestamp":"2.7.2024, 12:36:50","level":"info","message":"Received request: POST /graphql"}
{"timestamp":"2.7.2024, 12:36:52","level":"info","message":"Received request: POST /graphql"}
{"timestamp":"2.7.2024, 12:36:55","level":"info","message":"Received request: POST /graphql"}
{"timestamp":"2.7.2024, 12:36:57","level":"info","message":"Received request: POST /graphql"}
{"timestamp":"2.7.2024, 12:36:59","level":"info","message":"Received request: POST /graphql"}
{"timestamp":"2.7.2024, 12:37:01","level":"info","message":"Received request: POST /graphql"}
{"timestamp":"2.7.2024, 12:37:01","level":"info","message":"Received request: POST /graphql"}
{"timestamp":"2.7.2024, 12:37:03","level":"info","message":"Received request: POST /graphql"}
{"timestamp":"2.7.2024, 12:37:05","level":"info","message":"Received request: POST /graphql"}
{"timestamp":"2.7.2024, 12:37:07","level":"info","message":"Received request: POST /graphql"}
{"timestamp":"2.7.2024, 12:37:09","level":"info","message":"Received request: POST /graphql"}
{"timestamp":"2.7.2024, 12:37:11","level":"info","message":"Received request: POST /graphql"}
{"timestamp":"2.7.2024, 12:37:13","level":"info","message":"Received request: POST /graphql"}
{"timestamp":"2.7.2024, 12:37:15","level":"info","message":"Received request: POST /graphql"}
{"timestamp":"2.7.2024, 12:37:17","level":"info","message":"Received request: POST /graphql"}
{"timestamp":"2.7.2024, 12:37:19","level":"info","message":"Received request: POST /graphql"}
{"timestamp":"2.7.2024, 12:37:21","level":"info","message":"Received request: POST /graphql"}
{"timestamp":"2.7.2024, 12:37:23","level":"info","message":"Received request: POST /graphql"}
{"timestamp":"2.7.2024, 12:37:25","level":"info","message":"Received request: POST /graphql"}
{"timestamp":"2.7.2024, 12:37:27","level":"info","message":"Received request: POST /graphql"}
{"timestamp":"2.7.2024, 12:37:27","level":"info","message":"Received request: POST /graphql"}
{"timestamp":"2.7.2024, 12:37:29","level":"info","message":"Received request: POST /graphql"}
{"timestamp":"2.7.2024, 12:37:31","level":"info","message":"Received request: POST /graphql"}
{"timestamp":"2.7.2024, 12:37:35","level":"info","message":"Received request: POST /graphql"}
{"timestamp":"2.7.2024, 12:38:13","level":"info","message":"Starting server..."}
{"timestamp":"2.7.2024, 12:38:14","level":"info","message":"Connected to the database"}
{"timestamp":"2.7.2024, 12:38:14","level":"info","message":"Server is running on http://localhost:4000/graphql"}
{"timestamp":"2.7.2024, 12:38:18","level":"info","message":"Received request: POST /graphql"}
{"timestamp":"2.7.2024, 12:38:20","level":"info","message":"Received request: POST /graphql"}
{"timestamp":"2.7.2024, 12:38:20","level":"info","message":"Received request: POST /graphql"}
{"timestamp":"2.7.2024, 12:38:54","level":"info","message":"Starting server..."}
{"timestamp":"2.7.2024, 12:38:54","level":"info","message":"Connected to the database"}
{"timestamp":"2.7.2024, 12:38:54","level":"info","message":"Server is running on http://localhost:4000/graphql"}
{"timestamp":"2.7.2024, 12:38:55","level":"info","message":"Received request: POST /graphql"}
{"timestamp":"2.7.2024, 12:38:59","level":"info","message":"Received request: POST /graphql"}
{"timestamp":"2.7.2024, 12:39:02","level":"info","message":"Received request: POST /graphql"}
{"timestamp":"2.7.2024, 12:39:05","level":"info","message":"Received request: POST /graphql"}
{"timestamp":"2.7.2024, 12:39:08","level":"info","message":"Received request: POST /graphql"}
{"timestamp":"2.7.2024, 12:39:11","level":"info","message":"Received request: POST /graphql"}
{"timestamp":"2.7.2024, 12:39:14","level":"info","message":"Received request: POST /graphql"}
{"timestamp":"2.7.2024, 12:39:17","level":"info","message":"Received request: POST /graphql"}
{"timestamp":"2.7.2024, 12:39:20","level":"info","message":"Received request: POST /graphql"}
{"timestamp":"2.7.2024, 12:39:23","level":"info","message":"Received request: POST /graphql"}
{"timestamp":"2.7.2024, 12:39:26","level":"info","message":"Received request: POST /graphql"}
{"timestamp":"2.7.2024, 12:39:29","level":"info","message":"Received request: POST /graphql"}
{"timestamp":"2.7.2024, 12:39:32","level":"info","message":"Received request: POST /graphql"}
{"timestamp":"2.7.2024, 12:39:35","level":"info","message":"Received request: POST /graphql"}
{"timestamp":"2.7.2024, 12:39:38","level":"info","message":"Received request: POST /graphql"}
{"timestamp":"2.7.2024, 12:39:42","level":"info","message":"Starting server..."}
{"timestamp":"2.7.2024, 12:39:42","level":"info","message":"Connected to the database"}
{"timestamp":"2.7.2024, 12:39:42","level":"info","message":"Server is running on http://localhost:4000/graphql"}
{"timestamp":"2.7.2024, 12:39:42","level":"info","message":"Received request: POST /graphql"}
{"timestamp":"2.7.2024, 12:39:48","level":"info","message":"Starting server..."}
{"timestamp":"2.7.2024, 12:39:48","level":"info","message":"Connected to the database"}
{"timestamp":"2.7.2024, 12:39:48","level":"info","message":"Server is running on http://localhost:4000/graphql"}
{"timestamp":"2.7.2024, 12:39:53","level":"info","message":"Received request: POST /graphql"}
{"timestamp":"2.7.2024, 12:39:58","level":"info","message":"Received request: POST /graphql"}
{"timestamp":"2.7.2024, 12:40:00","level":"info","message":"Received request: POST /graphql"}
{"timestamp":"2.7.2024, 12:40:02","level":"info","message":"Received request: POST /graphql"}
{"timestamp":"2.7.2024, 12:40:04","level":"info","message":"Received request: POST /graphql"}
{"timestamp":"2.7.2024, 12:40:06","level":"info","message":"Received request: POST /graphql"}
{"timestamp":"2.7.2024, 12:40:08","level":"info","message":"Received request: POST /graphql"}
{"timestamp":"2.7.2024, 12:40:10","level":"info","message":"Received request: POST /graphql"}
{"timestamp":"2.7.2024, 12:40:12","level":"info","message":"Received request: POST /graphql"}
{"timestamp":"2.7.2024, 12:40:14","level":"info","message":"Received request: POST /graphql"}
{"timestamp":"2.7.2024, 12:40:16","level":"info","message":"Received request: POST /graphql"}
{"timestamp":"2.7.2024, 12:40:18","level":"info","message":"Received request: POST /graphql"}
{"timestamp":"2.7.2024, 12:40:20","level":"info","message":"Received request: POST /graphql"}
{"timestamp":"2.7.2024, 12:40:22","level":"info","message":"Received request: POST /graphql"}
{"timestamp":"2.7.2024, 12:40:24","level":"info","message":"Received request: POST /graphql"}
{"timestamp":"2.7.2024, 12:40:26","level":"info","message":"Received request: POST /graphql"}
{"timestamp":"2.7.2024, 12:40:28","level":"info","message":"Received request: POST /graphql"}
{"timestamp":"2.7.2024, 12:40:40","level":"info","message":"Starting server..."}
{"timestamp":"2.7.2024, 12:40:41","level":"info","message":"Connected to the database"}
{"timestamp":"2.7.2024, 12:40:41","level":"info","message":"Server is running on http://localhost:4000/graphql"}
{"timestamp":"2.7.2024, 12:40:45","level":"info","message":"Received request: POST /graphql"}
{"timestamp":"2.7.2024, 12:40:47","level":"info","message":"Received request: POST /graphql"}
{"timestamp":"2.7.2024, 12:40:49","level":"info","message":"Received request: POST /graphql"}
{"timestamp":"2.7.2024, 12:40:51","level":"info","message":"Received request: POST /graphql"}
{"timestamp":"2.7.2024, 12:40:53","level":"info","message":"Received request: POST /graphql"}
{"timestamp":"2.7.2024, 12:40:55","level":"info","message":"Received request: POST /graphql"}
{"timestamp":"2.7.2024, 12:40:57","level":"info","message":"Received request: POST /graphql"}
{"timestamp":"2.7.2024, 12:40:59","level":"info","message":"Received request: POST /graphql"}
{"timestamp":"2.7.2024, 12:41:01","level":"info","message":"Received request: POST /graphql"}
{"timestamp":"2.7.2024, 12:41:03","level":"info","message":"Received request: POST /graphql"}
{"timestamp":"2.7.2024, 12:41:05","level":"info","message":"Received request: POST /graphql"}
{"timestamp":"2.7.2024, 12:41:10","level":"info","message":"Received request: POST /graphql"}
{"timestamp":"2.7.2024, 12:41:13","level":"info","message":"Received request: POST /graphql"}
{"timestamp":"2.7.2024, 12:41:15","level":"info","message":"Received request: POST /graphql"}
{"timestamp":"2.7.2024, 12:41:17","level":"info","message":"Received request: POST /graphql"}
{"timestamp":"2.7.2024, 12:41:19","level":"info","message":"Received request: POST /graphql"}
{"timestamp":"2.7.2024, 12:41:21","level":"info","message":"Received request: POST /graphql"}
{"timestamp":"2.7.2024, 12:41:23","level":"info","message":"Received request: POST /graphql"}
{"timestamp":"2.7.2024, 12:41:25","level":"info","message":"Received request: POST /graphql"}
{"timestamp":"2.7.2024, 12:41:27","level":"info","message":"Received request: POST /graphql"}
{"timestamp":"2.7.2024, 12:42:04","level":"info","message":"Received request: POST /graphql"}
{"timestamp":"2.7.2024, 12:42:06","level":"info","message":"Received request: POST /graphql"}
{"timestamp":"2.7.2024, 12:42:08","level":"info","message":"Received request: POST /graphql"}
{"timestamp":"2.7.2024, 12:42:10","level":"info","message":"Received request: POST /graphql"}
{"timestamp":"2.7.2024, 12:42:12","level":"info","message":"Received request: POST /graphql"}
{"timestamp":"2.7.2024, 12:42:14","level":"info","message":"Received request: POST /graphql"}
{"timestamp":"2.7.2024, 12:42:16","level":"info","message":"Received request: POST /graphql"}
{"timestamp":"2.7.2024, 12:42:18","level":"info","message":"Received request: POST /graphql"}
{"timestamp":"2.7.2024, 12:42:20","level":"info","message":"Received request: POST /graphql"}
{"timestamp":"2.7.2024, 12:42:22","level":"info","message":"Received request: POST /graphql"}
{"timestamp":"2.7.2024, 12:42:24","level":"info","message":"Received request: POST /graphql"}
{"timestamp":"2.7.2024, 12:42:26","level":"info","message":"Received request: POST /graphql"}
{"timestamp":"2.7.2024, 12:42:28","level":"info","message":"Received request: POST /graphql"}
{"timestamp":"2.7.2024, 12:42:30","level":"info","message":"Received request: POST /graphql"}
{"timestamp":"2.7.2024, 12:42:32","level":"info","message":"Received request: POST /graphql"}
{"timestamp":"2.7.2024, 12:42:34","level":"info","message":"Received request: POST /graphql"}
{"timestamp":"2.7.2024, 12:42:36","level":"info","message":"Received request: POST /graphql"}
{"timestamp":"2.7.2024, 12:42:38","level":"info","message":"Received request: POST /graphql"}
{"timestamp":"2.7.2024, 12:42:56","level":"info","message":"Received request: POST /graphql"}
{"timestamp":"2.7.2024, 12:42:58","level":"info","message":"Received request: POST /graphql"}
{"timestamp":"2.7.2024, 12:43:00","level":"info","message":"Received request: POST /graphql"}
{"timestamp":"2.7.2024, 12:43:02","level":"info","message":"Received request: POST /graphql"}
{"timestamp":"2.7.2024, 12:43:04","level":"info","message":"Received request: POST /graphql"}
{"timestamp":"2.7.2024, 12:43:06","level":"info","message":"Received request: POST /graphql"}
{"timestamp":"2.7.2024, 12:43:08","level":"info","message":"Received request: POST /graphql"}
{"timestamp":"2.7.2024, 12:43:10","level":"info","message":"Received request: POST /graphql"}
{"timestamp":"2.7.2024, 12:43:11","level":"info","message":"Received request: POST /graphql"}
{"timestamp":"2.7.2024, 12:43:12","level":"info","message":"Received request: POST /graphql"}
{"timestamp":"2.7.2024, 12:43:14","level":"info","message":"Received request: POST /graphql"}
{"timestamp":"2.7.2024, 13:55:02","level":"info","message":"Received request: POST /graphql"}
{"timestamp":"2.7.2024, 13:55:04","level":"info","message":"Received request: POST /graphql"}
{"timestamp":"2.7.2024, 13:55:24","level":"info","message":"Starting server..."}
{"timestamp":"2.7.2024, 13:55:24","level":"info","message":"Connected to the database"}
{"timestamp":"2.7.2024, 13:55:24","level":"info","message":"Server is running on http://localhost:4000/graphql"}
{"timestamp":"3.7.2024, 11:49:25","level":"info","message":"Starting server..."}
{"timestamp":"3.7.2024, 11:49:25","level":"info","message":"Connected to the database"}
{"timestamp":"3.7.2024, 11:49:25","level":"info","message":"Server is running on http://localhost:4000/graphql"}
{"timestamp":"3.7.2024, 11:54:50","level":"info","message":"Starting server..."}
{"timestamp":"3.7.2024, 11:54:50","level":"info","message":"Connected to the database"}
{"timestamp":"3.7.2024, 11:54:50","level":"info","message":"Server is running on http://localhost:4000/graphql"}
{"timestamp":"3.7.2024, 11:55:29","level":"info","message":"Starting server..."}
{"timestamp":"3.7.2024, 11:55:29","level":"info","message":"Connected to the database"}
{"timestamp":"3.7.2024, 11:55:30","level":"info","message":"Server is running on http://localhost:4000/graphql"}
{"timestamp":"3.7.2024, 14:27:34","level":"info","message":"Starting server..."}
{"timestamp":"3.7.2024, 14:27:35","level":"info","message":"Connected to the database"}
{"timestamp":"3.7.2024, 14:27:35","level":"info","message":"Server is running on http://localhost:4000/graphql"}
{"timestamp":"3.7.2024, 15:34:22","level":"info","message":"Starting server..."}
{"timestamp":"3.7.2024, 15:34:22","level":"info","message":"Connected to the database"}
{"timestamp":"3.7.2024, 15:34:22","level":"error","message":"Error connecting to the database Mutation.updateTodo defined in resolvers, but not in schema"}
{"timestamp":"3.7.2024, 15:34:31","level":"info","message":"Starting server..."}
{"timestamp":"3.7.2024, 15:34:31","level":"info","message":"Connected to the database"}
{"timestamp":"3.7.2024, 15:34:31","level":"info","message":"Server is running on http://localhost:4000/graphql"}
{"timestamp":"3.7.2024, 15:51:58","level":"info","message":"Starting server..."}
{"timestamp":"3.7.2024, 15:51:58","level":"info","message":"Connected to the database"}
{"timestamp":"3.7.2024, 15:51:58","level":"info","message":"Server is running on http://localhost:4000/graphql"}
{"timestamp":"3.7.2024, 16:05:09","level":"info","message":"Starting server..."}
{"timestamp":"3.7.2024, 16:05:09","level":"info","message":"Connected to the database"}
{"timestamp":"3.7.2024, 16:05:09","level":"info","message":"Server is running on http://localhost:4000/graphql"}
{"timestamp":"3.7.2024, 16:05:39","level":"info","message":"Starting server..."}
{"timestamp":"3.7.2024, 16:05:39","level":"info","message":"Connected to the database"}
{"timestamp":"3.7.2024, 16:05:39","level":"info","message":"Server is running on http://localhost:4000/graphql"}
{"timestamp":"3.7.2024, 16:08:08","level":"info","message":"Starting server..."}
{"timestamp":"3.7.2024, 16:08:08","level":"info","message":"Connected to the database"}
{"timestamp":"3.7.2024, 16:08:08","level":"info","message":"Server is running on http://localhost:4000/graphql"}
{"timestamp":"3.7.2024, 16:08:45","level":"info","message":"Starting server..."}
{"timestamp":"3.7.2024, 16:08:46","level":"info","message":"Connected to the database"}
{"timestamp":"3.7.2024, 16:08:46","level":"info","message":"Server is running on http://localhost:4000/graphql"}
{"timestamp":"3.7.2024, 16:09:32","level":"info","message":"Starting server..."}
{"timestamp":"3.7.2024, 16:09:32","level":"info","message":"Connected to the database"}
{"timestamp":"3.7.2024, 16:09:32","level":"info","message":"Server is running on http://localhost:4000/graphql"}
{"timestamp":"4.7.2024, 11:00:04","level":"info","message":"Starting server..."}
{"timestamp":"4.7.2024, 11:00:05","level":"info","message":"Connected to the database"}
{"timestamp":"4.7.2024, 11:00:05","level":"info","message":"Server is running on http://localhost:4000/graphql"}
{"timestamp":"4.7.2024, 11:19:51","level":"info","message":"Starting server..."}
{"timestamp":"4.7.2024, 11:19:51","level":"info","message":"Connected to the database"}
{"timestamp":"4.7.2024, 11:19:51","level":"info","message":"Server is running on http://localhost:4000/graphql"}
{"timestamp":"4.7.2024, 11:40:24","level":"info","message":"Starting server..."}
{"timestamp":"4.7.2024, 11:40:24","level":"info","message":"Connected to the database"}
{"timestamp":"4.7.2024, 11:40:24","level":"info","message":"Server is running on http://localhost:4000/graphql"}
{"timestamp":"4.7.2024, 11:40:33","level":"info","message":"Starting server..."}
{"timestamp":"4.7.2024, 11:40:34","level":"info","message":"Connected to the database"}
{"timestamp":"4.7.2024, 11:40:34","level":"info","message":"Server is running on http://localhost:4000/graphql"}
{"timestamp":"4.7.2024, 11:40:51","level":"info","message":"Starting server..."}
{"timestamp":"4.7.2024, 11:40:51","level":"info","message":"Connected to the database"}
{"timestamp":"4.7.2024, 11:40:51","level":"info","message":"Server is running on http://localhost:4000/graphql"}
{"timestamp":"4.7.2024, 11:41:10","level":"info","message":"Starting server..."}
{"timestamp":"4.7.2024, 11:41:10","level":"info","message":"Connected to the database"}
{"timestamp":"4.7.2024, 11:41:10","level":"info","message":"Server is running on http://localhost:4000/graphql"}
{"timestamp":"4.7.2024, 11:54:11","level":"info","message":"Starting server..."}
{"timestamp":"4.7.2024, 11:54:11","level":"info","message":"Connected to the database"}
{"timestamp":"4.7.2024, 11:54:11","level":"info","message":"Server is running on http://localhost:4000/graphql"}
{"timestamp":"4.7.2024, 11:54:56","level":"info","message":"Starting server..."}
{"timestamp":"4.7.2024, 11:54:57","level":"info","message":"Connected to the database"}
{"timestamp":"4.7.2024, 11:54:57","level":"info","message":"Server is running on http://localhost:4000/graphql"}
{"timestamp":"4.7.2024, 11:55:17","level":"info","message":"Starting server..."}
{"timestamp":"4.7.2024, 11:55:17","level":"info","message":"Connected to the database"}
{"timestamp":"4.7.2024, 11:55:17","level":"info","message":"Server is running on http://localhost:4000/graphql"}
{"timestamp":"4.7.2024, 11:59:34","level":"info","message":"Starting server..."}
{"timestamp":"4.7.2024, 11:59:34","level":"info","message":"Connected to the database"}
{"timestamp":"4.7.2024, 11:59:34","level":"info","message":"Server is running on http://localhost:4000/graphql"}
{"timestamp":"4.7.2024, 11:59:50","level":"info","message":"Starting server..."}
{"timestamp":"4.7.2024, 11:59:50","level":"info","message":"Connected to the database"}
{"timestamp":"4.7.2024, 11:59:50","level":"info","message":"Server is running on http://localhost:4000/graphql"}
{"timestamp":"4.7.2024, 12:00:07","level":"info","message":"Starting server..."}
{"timestamp":"4.7.2024, 12:00:08","level":"info","message":"Connected to the database"}
{"timestamp":"4.7.2024, 12:00:08","level":"info","message":"Server is running on http://localhost:4000/graphql"}
{"timestamp":"4.7.2024, 12:00:14","level":"info","message":"Starting server..."}
{"timestamp":"4.7.2024, 12:00:14","level":"info","message":"Connected to the database"}
{"timestamp":"4.7.2024, 12:00:14","level":"info","message":"Server is running on http://localhost:4000/graphql"}
{"timestamp":"4.7.2024, 12:00:24","level":"info","message":"Starting server..."}
{"timestamp":"4.7.2024, 12:00:24","level":"info","message":"Connected to the database"}
{"timestamp":"4.7.2024, 12:00:24","level":"info","message":"Server is running on http://localhost:4000/graphql"}
{"timestamp":"4.7.2024, 12:00:34","level":"info","message":"Starting server..."}
{"timestamp":"4.7.2024, 12:00:34","level":"info","message":"Connected to the database"}
{"timestamp":"4.7.2024, 12:00:34","level":"info","message":"Server is running on http://localhost:4000/graphql"}
{"timestamp":"4.7.2024, 12:00:40","level":"info","message":"Starting server..."}
{"timestamp":"4.7.2024, 12:00:40","level":"info","message":"Connected to the database"}
{"timestamp":"4.7.2024, 12:00:40","level":"info","message":"Server is running on http://localhost:4000/graphql"}
{"timestamp":"4.7.2024, 12:02:28","level":"info","message":"Creating todo..."}
{"timestamp":"4.7.2024, 12:02:28","level":"info","message":"Todo created:"}
{"timestamp":"4.7.2024, 12:02:28","level":"info","message":"Fetching todos..."}
{"timestamp":"4.7.2024, 12:10:58","level":"info","message":"Starting server..."}
{"timestamp":"4.7.2024, 12:10:58","level":"info","message":"Connected to the database"}
{"timestamp":"4.7.2024, 12:10:58","level":"info","message":"Server is running on http://localhost:4000/graphql"}
{"timestamp":"4.7.2024, 12:11:03","level":"info","message":"Fetching todos..."}
{"timestamp":"4.7.2024, 12:11:17","level":"info","message":"Creating todo..."}
{"timestamp":"4.7.2024, 12:11:17","level":"info","message":"Todo created:"}
{"timestamp":"4.7.2024, 12:11:17","level":"info","message":"Fetching todos..."}
{"timestamp":"4.7.2024, 12:11:31","level":"info","message":"Creating todo..."}
{"timestamp":"4.7.2024, 12:11:32","level":"info","message":"Todo created:"}
{"timestamp":"4.7.2024, 12:11:32","level":"info","message":"Fetching todos..."}
{"timestamp":"4.7.2024, 12:11:52","level":"info","message":"Creating todo..."}
{"timestamp":"4.7.2024, 12:11:52","level":"info","message":"Todo created:"}
{"timestamp":"4.7.2024, 12:11:52","level":"info","message":"Fetching todos..."}
{"timestamp":"4.7.2024, 12:12:11","level":"info","message":"Fetching todos..."}
{"timestamp":"4.7.2024, 12:12:32","level":"info","message":"Creating todo..."}
{"timestamp":"4.7.2024, 12:12:32","level":"info","message":"Todo created:"}
{"timestamp":"4.7.2024, 12:12:32","level":"info","message":"Fetching todos..."}
{"timestamp":"4.7.2024, 12:12:47","level":"info","message":"Starting server..."}
{"timestamp":"4.7.2024, 12:12:47","level":"info","message":"Connected to the database"}
{"timestamp":"4.7.2024, 12:12:47","level":"info","message":"Server is running on http://localhost:4000/graphql"}
{"timestamp":"4.7.2024, 12:12:48","level":"info","message":"Fetching todos..."}
{"timestamp":"4.7.2024, 12:13:11","level":"info","message":"Creating todo..."}
{"timestamp":"4.7.2024, 12:13:12","level":"info","message":"Todo created:"}
{"timestamp":"4.7.2024, 12:13:12","level":"info","message":"Fetching todos..."}
{"timestamp":"4.7.2024, 12:13:22","level":"info","message":"Starting server..."}
{"timestamp":"4.7.2024, 12:13:22","level":"info","message":"Connected to the database"}
{"timestamp":"4.7.2024, 12:13:23","level":"info","message":"Server is running on http://localhost:4000/graphql"}
{"timestamp":"4.7.2024, 12:13:53","level":"info","message":"Starting server..."}
{"timestamp":"4.7.2024, 12:13:53","level":"info","message":"Connected to the database"}
{"timestamp":"4.7.2024, 12:13:53","level":"info","message":"Server is running on http://localhost:4000/graphql"}
{"timestamp":"4.7.2024, 12:13:57","level":"info","message":"Starting server..."}
{"timestamp":"4.7.2024, 12:13:58","level":"info","message":"Connected to the database"}
{"timestamp":"4.7.2024, 12:13:58","level":"info","message":"Server is running on http://localhost:4000/graphql"}
{"timestamp":"4.7.2024, 12:14:22","level":"info","message":"Starting server..."}
{"timestamp":"4.7.2024, 12:14:23","level":"info","message":"Connected to the database"}
{"timestamp":"4.7.2024, 12:14:23","level":"info","message":"Server is running on http://localhost:4000/graphql"}
{"timestamp":"4.7.2024, 12:14:53","level":"info","message":"Starting server..."}
{"timestamp":"4.7.2024, 12:14:53","level":"info","message":"Connected to the database"}
{"timestamp":"4.7.2024, 12:14:53","level":"info","message":"Server is running on http://localhost:4000/graphql"}
{"timestamp":"4.7.2024, 12:15:28","level":"info","message":"Creating todo..."}
{"timestamp":"4.7.2024, 12:15:28","level":"info","message":"Todo created:"}
{"timestamp":"4.7.2024, 12:15:28","level":"info","message":"Fetching todos..."}
{"timestamp":"4.7.2024, 14:24:46","level":"info","message":"Fetching todos..."}
{"timestamp":"4.7.2024, 14:25:12","level":"info","message":"Fetching todos..."}
{"timestamp":"4.7.2024, 14:26:23","level":"info","message":"Fetching todos..."}
{"timestamp":"4.7.2024, 14:26:23","level":"info","message":"Fetching todos..."}
{"timestamp":"4.7.2024, 14:26:23","level":"info","message":"Fetching todos..."}
{"timestamp":"4.7.2024, 14:26:23","level":"info","message":"Fetching todos..."}
{"timestamp":"4.7.2024, 14:26:24","level":"info","message":"Fetching todos..."}
{"timestamp":"4.7.2024, 14:26:24","level":"info","message":"Fetching todos..."}
{"timestamp":"4.7.2024, 14:26:24","level":"info","message":"Fetching todos..."}
{"timestamp":"4.7.2024, 14:26:24","level":"info","message":"Fetching todos..."}
{"timestamp":"4.7.2024, 14:26:24","level":"info","message":"Fetching todos..."}
{"timestamp":"4.7.2024, 14:26:24","level":"info","message":"Fetching todos..."}
{"timestamp":"4.7.2024, 14:26:37","level":"info","message":"Deleting multiple todos..."}
{"timestamp":"4.7.2024, 14:26:37","level":"info","message":"Todos deleted:"}
{"timestamp":"4.7.2024, 14:26:37","level":"info","message":"Fetching todos..."}
{"timestamp":"4.7.2024, 14:26:51","level":"info","message":"Fetching todos..."}
{"timestamp":"4.7.2024, 14:26:51","level":"info","message":"Fetching todos..."}
{"timestamp":"4.7.2024, 14:27:00","level":"info","message":"Deleting multiple todos..."}
{"timestamp":"4.7.2024, 14:27:00","level":"info","message":"Todos deleted:"}
{"timestamp":"4.7.2024, 14:27:00","level":"info","message":"Fetching todos..."}
{"timestamp":"4.7.2024, 14:28:51","level":"info","message":"Deleting multiple todos..."}
{"timestamp":"4.7.2024, 14:28:51","level":"info","message":"Todos deleted:"}
{"timestamp":"4.7.2024, 14:28:51","level":"info","message":"Fetching todos..."}
{"timestamp":"4.7.2024, 14:28:55","level":"info","message":"Fetching todos..."}
{"timestamp":"4.7.2024, 14:31:13","level":"info","message":"Fetching todos..."}
{"timestamp":"4.7.2024, 14:31:18","level":"info","message":"Fetching todos..."}
{"timestamp":"4.7.2024, 14:31:33","level":"info","message":"Fetching todos..."}
{"timestamp":"4.7.2024, 14:31:42","level":"info","message":"Fetching todos..."}
{"timestamp":"4.7.2024, 14:32:01","level":"info","message":"Fetching todos..."}
{"timestamp":"4.7.2024, 14:32:01","level":"info","message":"Fetching todos..."}
{"timestamp":"4.7.2024, 14:32:01","level":"info","message":"Fetching todos..."}
{"timestamp":"4.7.2024, 14:32:02","level":"info","message":"Fetching todos..."}
{"timestamp":"4.7.2024, 14:32:36","level":"info","message":"Fetching todos..."}
{"timestamp":"4.7.2024, 14:32:39","level":"info","message":"Fetching todos..."}
{"timestamp":"4.7.2024, 14:32:58","level":"info","message":"Fetching todos..."}
{"timestamp":"4.7.2024, 14:35:52","level":"info","message":"Fetching todos..."}
{"timestamp":"4.7.2024, 14:35:52","level":"info","message":"Deleting multiple todos..."}
{"timestamp":"4.7.2024, 14:35:52","level":"info","message":"Todos deleted:"}
{"timestamp":"4.7.2024, 14:35:52","level":"info","message":"Fetching todos..."}
{"timestamp":"4.7.2024, 14:35:56","level":"info","message":"Deleting multiple todos..."}
{"timestamp":"4.7.2024, 14:35:56","level":"info","message":"Todos deleted:"}
{"timestamp":"4.7.2024, 14:35:56","level":"info","message":"Fetching todos..."}
{"timestamp":"4.7.2024, 14:36:06","level":"info","message":"Fetching todos..."}
{"timestamp":"4.7.2024, 14:36:09","level":"info","message":"Fetching todos..."}
{"timestamp":"4.7.2024, 15:01:51","level":"info","message":"Deleting multiple todos..."}
{"timestamp":"4.7.2024, 15:01:51","level":"info","message":"Todos deleted:"}
{"timestamp":"4.7.2024, 15:01:51","level":"info","message":"Fetching todos..."}
{"timestamp":"4.7.2024, 15:05:20","level":"info","message":"Starting server..."}
{"timestamp":"4.7.2024, 15:05:21","level":"info","message":"Connected to the database"}
{"timestamp":"4.7.2024, 15:05:21","level":"info","message":"Server is running on http://localhost:4000/graphql"}
{"timestamp":"4.7.2024, 15:05:21","level":"info","message":"Fetching todos..."}
{"timestamp":"4.7.2024, 15:05:25","level":"info","message":"Fetching todos..."}
{"timestamp":"4.7.2024, 15:05:37","level":"info","message":"Creating todo..."}
{"timestamp":"4.7.2024, 15:05:37","level":"info","message":"Todo created:"}
{"timestamp":"4.7.2024, 15:05:37","level":"info","message":"Fetching todos..."}
{"timestamp":"4.7.2024, 15:05:41","level":"info","message":"Fetching todos..."}
{"timestamp":"4.7.2024, 15:05:46","level":"info","message":"Creating todo..."}
{"timestamp":"4.7.2024, 15:05:46","level":"info","message":"Todo created:"}
{"timestamp":"4.7.2024, 15:05:46","level":"info","message":"Fetching todos..."}
{"timestamp":"4.7.2024, 15:05:50","level":"info","message":"Creating todo..."}
{"timestamp":"4.7.2024, 15:05:50","level":"info","message":"Todo created:"}
{"timestamp":"4.7.2024, 15:05:50","level":"info","message":"Fetching todos..."}
{"timestamp":"4.7.2024, 15:05:55","level":"info","message":"Creating todo..."}
{"timestamp":"4.7.2024, 15:05:55","level":"info","message":"Todo created:"}
{"timestamp":"4.7.2024, 15:05:55","level":"info","message":"Fetching todos..."}
{"timestamp":"4.7.2024, 15:07:17","level":"info","message":"Starting server..."}
{"timestamp":"4.7.2024, 15:07:17","level":"info","message":"Connected to the database"}
{"timestamp":"4.7.2024, 15:07:18","level":"info","message":"Server is running on http://localhost:4000/graphql"}
{"timestamp":"4.7.2024, 15:08:00","level":"info","message":"Starting server..."}
{"timestamp":"4.7.2024, 15:08:00","level":"info","message":"Connected to the database"}
{"timestamp":"4.7.2024, 15:08:00","level":"info","message":"Server is running on http://localhost:4000/graphql"}
{"timestamp":"4.7.2024, 15:08:29","level":"info","message":"Starting server..."}
{"timestamp":"4.7.2024, 15:08:29","level":"info","message":"Connected to the database"}
{"timestamp":"4.7.2024, 15:08:29","level":"info","message":"Server is running on http://localhost:4000/graphql"}
{"timestamp":"4.7.2024, 15:09:31","level":"info","message":"Starting server..."}
{"timestamp":"4.7.2024, 15:09:32","level":"info","message":"Connected to the database"}
{"timestamp":"4.7.2024, 15:09:32","level":"info","message":"Server is running on http://localhost:4000/graphql"}
{"timestamp":"4.7.2024, 15:09:36","level":"info","message":"Starting server..."}
{"timestamp":"4.7.2024, 15:09:36","level":"info","message":"Connected to the database"}
{"timestamp":"4.7.2024, 15:09:36","level":"info","message":"Server is running on http://localhost:4000/graphql"}
{"timestamp":"4.7.2024, 15:10:01","level":"info","message":"Starting server..."}
{"timestamp":"4.7.2024, 15:10:01","level":"info","message":"Connected to the database"}
{"timestamp":"4.7.2024, 15:10:01","level":"info","message":"Server is running on http://localhost:4000/graphql"}
{"timestamp":"4.7.2024, 15:10:06","level":"info","message":"Starting server..."}
{"timestamp":"4.7.2024, 15:10:07","level":"info","message":"Connected to the database"}
{"timestamp":"4.7.2024, 15:10:07","level":"info","message":"Server is running on http://localhost:4000/graphql"}
{"timestamp":"4.7.2024, 15:10:39","level":"info","message":"Starting server..."}
{"timestamp":"4.7.2024, 15:10:39","level":"info","message":"Connected to the database"}
{"timestamp":"4.7.2024, 15:10:40","level":"info","message":"Server is running on http://localhost:4000/graphql"}
{"timestamp":"4.7.2024, 15:10:43","level":"info","message":"Starting server..."}
{"timestamp":"4.7.2024, 15:10:43","level":"info","message":"Connected to the database"}
{"timestamp":"4.7.2024, 15:10:43","level":"info","message":"Server is running on http://localhost:4000/graphql"}
{"timestamp":"4.7.2024, 15:13:04","level":"info","message":"Starting server..."}
{"timestamp":"4.7.2024, 15:13:04","level":"info","message":"Connected to the database"}
{"timestamp":"4.7.2024, 15:13:04","level":"info","message":"Server is running on http://localhost:4000/graphql"}
{"timestamp":"4.7.2024, 15:13:20","level":"info","message":"Creating todo..."}
{"timestamp":"4.7.2024, 15:13:20","level":"info","message":"Todo created:"}
{"timestamp":"4.7.2024, 15:13:20","level":"info","message":"Fetching todos..."}
{"timestamp":"4.7.2024, 15:13:33","level":"info","message":"Creating todo..."}
{"timestamp":"4.7.2024, 15:13:33","level":"info","message":"Todo created:"}
{"timestamp":"4.7.2024, 15:13:33","level":"info","message":"Fetching todos..."}
{"timestamp":"4.7.2024, 15:13:59","level":"info","message":"Starting server..."}
{"timestamp":"4.7.2024, 15:13:59","level":"info","message":"Connected to the database"}
{"timestamp":"4.7.2024, 15:13:59","level":"info","message":"Server is running on http://localhost:4000/graphql"}
{"timestamp":"4.7.2024, 15:14:32","level":"info","message":"Starting server..."}
{"timestamp":"4.7.2024, 15:14:32","level":"info","message":"Connected to the database"}
{"timestamp":"4.7.2024, 15:14:32","level":"info","message":"Server is running on http://localhost:4000/graphql"}
{"timestamp":"4.7.2024, 15:15:28","level":"info","message":"Starting server..."}
{"timestamp":"4.7.2024, 15:15:28","level":"info","message":"Connected to the database"}
{"timestamp":"4.7.2024, 15:15:28","level":"info","message":"Server is running on http://localhost:4000/graphql"}
{"timestamp":"4.7.2024, 15:16:01","level":"info","message":"Starting server..."}
{"timestamp":"4.7.2024, 15:16:01","level":"info","message":"Connected to the database"}
{"timestamp":"4.7.2024, 15:16:01","level":"info","message":"Server is running on http://localhost:4000/graphql"}
{"timestamp":"4.7.2024, 15:16:22","level":"info","message":"Starting server..."}
{"timestamp":"4.7.2024, 15:16:22","level":"info","message":"Connected to the database"}
{"timestamp":"4.7.2024, 15:16:22","level":"info","message":"Server is running on http://localhost:4000/graphql"}
{"timestamp":"4.7.2024, 15:16:28","level":"info","message":"Starting server..."}
{"timestamp":"4.7.2024, 15:16:29","level":"info","message":"Connected to the database"}
{"timestamp":"4.7.2024, 15:16:29","level":"info","message":"Server is running on http://localhost:4000/graphql"}
{"timestamp":"4.7.2024, 15:21:43","level":"info","message":"Starting server..."}
{"timestamp":"4.7.2024, 15:21:44","level":"info","message":"Connected to the database"}
{"timestamp":"4.7.2024, 15:21:44","level":"info","message":"Server is running on http://localhost:4000/graphql"}
{"timestamp":"4.7.2024, 15:21:47","level":"info","message":"Starting server..."}
{"timestamp":"4.7.2024, 15:21:48","level":"info","message":"Connected to the database"}
{"timestamp":"4.7.2024, 15:21:48","level":"info","message":"Server is running on http://localhost:4000/graphql"}
{"timestamp":"4.7.2024, 15:22:08","level":"info","message":"Starting server..."}
{"timestamp":"4.7.2024, 15:22:09","level":"info","message":"Connected to the database"}
{"timestamp":"4.7.2024, 15:22:09","level":"info","message":"Server is running on http://localhost:4000/graphql"}
{"timestamp":"4.7.2024, 15:22:17","level":"info","message":"Starting server..."}
{"timestamp":"4.7.2024, 15:22:17","level":"info","message":"Connected to the database"}
{"timestamp":"4.7.2024, 15:22:18","level":"info","message":"Server is running on http://localhost:4000/graphql"}
{"timestamp":"4.7.2024, 15:22:24","level":"info","message":"Starting server..."}
{"timestamp":"4.7.2024, 15:22:24","level":"info","message":"Connected to the database"}
{"timestamp":"4.7.2024, 15:22:24","level":"info","message":"Server is running on http://localhost:4000/graphql"}
{"timestamp":"4.7.2024, 15:23:58","level":"info","message":"Starting server..."}
{"timestamp":"4.7.2024, 15:23:58","level":"info","message":"Connected to the database"}
{"timestamp":"4.7.2024, 15:23:59","level":"info","message":"Server is running on http://localhost:4000/graphql"}
{"timestamp":"4.7.2024, 15:24:17","level":"info","message":"Starting server..."}
{"timestamp":"4.7.2024, 15:24:18","level":"info","message":"Connected to the database"}
{"timestamp":"4.7.2024, 15:24:18","level":"info","message":"Server is running on http://localhost:4000/graphql"}
{"timestamp":"4.7.2024, 15:25:13","level":"info","message":"Starting server..."}
{"timestamp":"4.7.2024, 15:25:13","level":"info","message":"Connected to the database"}
{"timestamp":"4.7.2024, 15:25:13","level":"info","message":"Server is running on http://localhost:4000/graphql"}
{"timestamp":"4.7.2024, 15:25:37","level":"info","message":"Starting server..."}
{"timestamp":"4.7.2024, 15:25:37","level":"info","message":"Connected to the database"}
{"timestamp":"4.7.2024, 15:25:38","level":"info","message":"Server is running on http://localhost:4000/graphql"}
{"timestamp":"4.7.2024, 15:26:05","level":"info","message":"Starting server..."}
{"timestamp":"4.7.2024, 15:26:05","level":"info","message":"Connected to the database"}
{"timestamp":"4.7.2024, 15:26:05","level":"info","message":"Server is running on http://localhost:4000/graphql"}
{"timestamp":"4.7.2024, 15:26:11","level":"info","message":"Starting server..."}
{"timestamp":"4.7.2024, 15:26:12","level":"info","message":"Connected to the database"}
{"timestamp":"4.7.2024, 15:26:12","level":"info","message":"Server is running on http://localhost:4000/graphql"}
{"timestamp":"4.7.2024, 15:26:36","level":"info","message":"Starting server..."}
{"timestamp":"4.7.2024, 15:26:36","level":"info","message":"Connected to the database"}
{"timestamp":"4.7.2024, 15:26:36","level":"info","message":"Server is running on http://localhost:4000/graphql"}
{"timestamp":"4.7.2024, 15:26:40","level":"info","message":"Starting server..."}
{"timestamp":"4.7.2024, 15:26:41","level":"info","message":"Connected to the database"}
{"timestamp":"4.7.2024, 15:26:41","level":"info","message":"Server is running on http://localhost:4000/graphql"}
{"timestamp":"4.7.2024, 15:26:48","level":"info","message":"Starting server..."}
{"timestamp":"4.7.2024, 15:26:48","level":"info","message":"Connected to the database"}
{"timestamp":"4.7.2024, 15:26:48","level":"info","message":"Server is running on http://localhost:4000/graphql"}
{"timestamp":"4.7.2024, 15:27:00","level":"info","message":"Starting server..."}
{"timestamp":"4.7.2024, 15:27:01","level":"info","message":"Connected to the database"}
{"timestamp":"4.7.2024, 15:27:01","level":"info","message":"Server is running on http://localhost:4000/graphql"}
{"timestamp":"4.7.2024, 15:46:07","level":"info","message":"Fetching todos..."}
{"timestamp":"4.7.2024, 15:46:21","level":"info","message":"Fetching todos..."}
{"timestamp":"4.7.2024, 15:50:46","level":"info","message":"Starting server..."}
{"timestamp":"4.7.2024, 15:50:46","level":"info","message":"Connected to the database"}
{"timestamp":"4.7.2024, 15:50:46","level":"info","message":"Server is running on http://localhost:4000/graphql"}
{"timestamp":"4.7.2024, 15:50:47","level":"info","message":"Fetching todos..."}
{"timestamp":"4.7.2024, 15:51:36","level":"info","message":"Creating todo..."}
{"timestamp":"4.7.2024, 15:51:36","level":"info","message":"Todo created:"}
{"timestamp":"4.7.2024, 15:51:36","level":"info","message":"Fetching todos..."}
{"timestamp":"4.7.2024, 15:51:47","level":"info","message":"Fetching todos..."}
{"timestamp":"4.7.2024, 15:52:04","level":"info","message":"Fetching todos..."}
{"timestamp":"4.7.2024, 17:11:58","level":"info","message":"Fetching todos..."}
{"timestamp":"4.7.2024, 17:16:17","level":"info","message":"Fetching todos..."}
{"timestamp":"4.7.2024, 17:16:20","level":"info","message":"Fetching todos..."}
{"timestamp":"4.7.2024, 17:21:41","level":"info","message":"Fetching todos..."}
{"timestamp":"4.7.2024, 17:21:41","level":"info","message":"Fetching todos..."}
{"timestamp":"4.7.2024, 17:21:41","level":"info","message":"Fetching todos..."}
{"timestamp":"4.7.2024, 17:21:41","level":"info","message":"Fetching todos..."}
{"timestamp":"4.7.2024, 17:21:41","level":"info","message":"Fetching todos..."}
{"timestamp":"4.7.2024, 17:21:41","level":"info","message":"Fetching todos..."}
{"timestamp":"4.7.2024, 17:21:41","level":"info","message":"Fetching todos..."}
{"timestamp":"4.7.2024, 17:30:44","level":"info","message":"Fetching todos..."}
{"timestamp":"4.7.2024, 17:30:46","level":"info","message":"Fetching todos..."}
{"timestamp":"7.7.2024, 13:54:42","level":"info","message":"Fetching todos..."}
{"timestamp":"7.7.2024, 15:28:16","level":"info","message":"Starting server..."}
{"timestamp":"7.7.2024, 15:28:16","level":"info","message":"Connected to the database"}
{"timestamp":"7.7.2024, 15:28:16","level":"info","message":"Server is running on http://localhost:4000/graphql"}
{"timestamp":"7.7.2024, 15:29:03","level":"info","message":"Starting server..."}
{"timestamp":"7.7.2024, 15:29:03","level":"info","message":"Connected to the database"}
{"timestamp":"7.7.2024, 15:29:03","level":"info","message":"Server is running on http://localhost:4000/graphql"}
{"timestamp":"7.7.2024, 15:30:33","level":"info","message":"Starting server..."}
{"timestamp":"7.7.2024, 15:30:34","level":"info","message":"Connected to the database"}
{"timestamp":"7.7.2024, 15:30:34","level":"info","message":"Server is running on http://localhost:4000/graphql"}
{"timestamp":"7.7.2024, 16:07:17","level":"info","message":"Fetching todos..."}
{"timestamp":"7.7.2024, 17:09:20","level":"info","message":"Deleting multiple todos..."}
{"timestamp":"7.7.2024, 17:09:20","level":"info","message":"Todos deleted:"}
{"timestamp":"7.7.2024, 17:09:20","level":"info","message":"Fetching todos..."}
{"timestamp":"7.7.2024, 17:09:35","level":"info","message":"Deleting multiple todos..."}
{"timestamp":"7.7.2024, 17:09:35","level":"info","message":"Todos deleted:"}
{"timestamp":"7.7.2024, 17:09:35","level":"info","message":"Fetching todos..."}
{"timestamp":"7.7.2024, 17:13:29","level":"info","message":"Deleting multiple todos..."}
{"timestamp":"7.7.2024, 17:13:29","level":"info","message":"Todos deleted:"}
{"timestamp":"7.7.2024, 17:13:29","level":"info","message":"Fetching todos..."}
{"timestamp":"9.7.2024, 11:15:38","level":"info","message":"Fetching todos..."}
{"timestamp":"9.7.2024, 11:15:57","level":"info","message":"Fetching todos..."}
{"timestamp":"9.7.2024, 11:16:10","level":"info","message":"Fetching todos..."}
{"timestamp":"9.7.2024, 11:17:54","level":"info","message":"Starting server..."}
{"timestamp":"9.7.2024, 11:17:54","level":"info","message":"Connected to the database"}
{"timestamp":"9.7.2024, 11:17:54","level":"info","message":"Server is running on http://localhost:4000/graphql"}
{"timestamp":"9.7.2024, 11:18:23","level":"info","message":"Starting server..."}
{"timestamp":"9.7.2024, 11:18:23","level":"info","message":"Connected to the database"}
{"timestamp":"9.7.2024, 11:18:23","level":"info","message":"Server is running on http://localhost:4000/graphql"}
{"timestamp":"9.7.2024, 11:18:28","level":"info","message":"Starting server..."}
{"timestamp":"9.7.2024, 11:18:28","level":"info","message":"Connected to the database"}
{"timestamp":"9.7.2024, 11:18:28","level":"info","message":"Server is running on http://localhost:4000/graphql"}
{"timestamp":"9.7.2024, 11:18:39","level":"info","message":"Starting server..."}
{"timestamp":"9.7.2024, 11:18:39","level":"info","message":"Connected to the database"}
{"timestamp":"9.7.2024, 11:18:39","level":"info","message":"Server is running on http://localhost:4000/graphql"}
{"timestamp":"9.7.2024, 11:18:43","level":"info","message":"Fetching todos..."}
{"timestamp":"9.7.2024, 11:18:49","level":"info","message":"Fetching todos..."}
{"timestamp":"9.7.2024, 11:33:09","level":"info","message":"Starting server..."}
{"timestamp":"9.7.2024, 11:33:10","level":"info","message":"Connected to the database"}
{"timestamp":"9.7.2024, 11:33:10","level":"info","message":"Server is running on http://localhost:4000/graphql"}
{"timestamp":"9.7.2024, 11:34:24","level":"info","message":"Starting server..."}
{"timestamp":"9.7.2024, 11:34:24","level":"info","message":"Connected to the database"}
{"timestamp":"9.7.2024, 11:34:24","level":"info","message":"Server is running on http://localhost:4000/graphql"}
{"timestamp":"9.7.2024, 11:37:11","level":"info","message":"Starting server..."}
{"timestamp":"9.7.2024, 11:37:11","level":"info","message":"Connected to the database"}
{"timestamp":"9.7.2024, 11:37:11","level":"info","message":"Server is running on http://localhost:4000/graphql"}
{"timestamp":"9.7.2024, 11:37:17","level":"info","message":"Fetching todos..."}
{"timestamp":"9.7.2024, 11:37:28","level":"info","message":"Fetching todos..."}
{"timestamp":"9.7.2024, 11:38:03","level":"info","message":"Starting server..."}
{"timestamp":"9.7.2024, 11:38:03","level":"info","message":"Connected to the database"}
{"timestamp":"9.7.2024, 11:38:03","level":"info","message":"Server is running on http://localhost:4000/graphql"}
{"timestamp":"9.7.2024, 11:38:05","level":"info","message":"Fetching todos..."}
{"timestamp":"9.7.2024, 11:41:58","level":"info","message":"Starting server..."}
{"timestamp":"9.7.2024, 11:41:58","level":"info","message":"Connected to the database"}
{"timestamp":"9.7.2024, 11:41:58","level":"info","message":"Server is running on http://localhost:4000/graphql"}
{"timestamp":"9.7.2024, 11:42:14","level":"info","message":"Fetching todos..."}
{"timestamp":"9.7.2024, 11:47:17","level":"info","message":"Starting server..."}
{"timestamp":"9.7.2024, 11:47:17","level":"info","message":"Connected to the database"}
{"timestamp":"9.7.2024, 11:47:17","level":"info","message":"Server is running on http://localhost:4000/graphql"}
{"timestamp":"9.7.2024, 11:47:23","level":"info","message":"Starting server..."}
{"timestamp":"9.7.2024, 11:47:24","level":"info","message":"Connected to the database"}
{"timestamp":"9.7.2024, 11:47:24","level":"info","message":"Server is running on http://localhost:4000/graphql"}
{"timestamp":"9.7.2024, 11:47:32","level":"info","message":"Starting server..."}
{"timestamp":"9.7.2024, 11:47:32","level":"info","message":"Connected to the database"}
{"timestamp":"9.7.2024, 11:47:33","level":"info","message":"Server is running on http://localhost:4000/graphql"}
{"timestamp":"9.7.2024, 11:47:41","level":"info","message":"Starting server..."}
{"timestamp":"9.7.2024, 11:47:42","level":"info","message":"Connected to the database"}
{"timestamp":"9.7.2024, 11:47:42","level":"info","message":"Server is running on http://localhost:4000/graphql"}
{"timestamp":"9.7.2024, 11:47:49","level":"info","message":"Starting server..."}
{"timestamp":"9.7.2024, 11:47:49","level":"info","message":"Connected to the database"}
{"timestamp":"9.7.2024, 11:47:49","level":"info","message":"Server is running on http://localhost:4000/graphql"}
{"timestamp":"9.7.2024, 11:47:55","level":"info","message":"Starting server..."}
{"timestamp":"9.7.2024, 11:47:56","level":"info","message":"Connected to the database"}
{"timestamp":"9.7.2024, 11:47:56","level":"info","message":"Server is running on http://localhost:4000/graphql"}
{"timestamp":"9.7.2024, 11:47:59","level":"info","message":"Starting server..."}
{"timestamp":"9.7.2024, 11:47:59","level":"info","message":"Connected to the database"}
{"timestamp":"9.7.2024, 11:47:59","level":"info","message":"Server is running on http://localhost:4000/graphql"}
{"timestamp":"9.7.2024, 12:12:41","level":"info","message":"Starting server..."}
{"timestamp":"9.7.2024, 12:12:42","level":"info","message":"Connected to the database"}
{"timestamp":"9.7.2024, 12:12:42","level":"info","message":"Server is running on http://localhost:4000/graphql"}
{"timestamp":"9.7.2024, 12:12:46","level":"info","message":"Starting server..."}
{"timestamp":"9.7.2024, 12:12:46","level":"info","message":"Connected to the database"}
{"timestamp":"9.7.2024, 12:12:46","level":"info","message":"Server is running on http://localhost:4000/graphql"}
{"timestamp":"9.7.2024, 13:59:12","level":"info","message":"Fetching todos..."}
{"timestamp":"9.7.2024, 13:59:21","level":"info","message":"Creating todo..."}
{"timestamp":"9.7.2024, 13:59:21","level":"info","message":"Todo created:"}
{"timestamp":"9.7.2024, 13:59:21","level":"info","message":"Fetching todos..."}
{"timestamp":"9.7.2024, 13:59:31","level":"info","message":"Creating todo..."}
{"timestamp":"9.7.2024, 13:59:31","level":"info","message":"Todo created:"}
{"timestamp":"9.7.2024, 13:59:31","level":"info","message":"Fetching todos..."}
{"timestamp":"9.7.2024, 14:00:04","level":"info","message":"Creating todo..."}
{"timestamp":"9.7.2024, 14:00:04","level":"info","message":"Todo created:"}
{"timestamp":"9.7.2024, 14:00:04","level":"info","message":"Fetching todos..."}
{"timestamp":"9.7.2024, 14:00:14","level":"info","message":"Creating todo..."}
{"timestamp":"9.7.2024, 14:00:14","level":"info","message":"Todo created:"}
{"timestamp":"9.7.2024, 14:00:14","level":"info","message":"Fetching todos..."}
{"timestamp":"9.7.2024, 14:00:33","level":"info","message":"Creating todo..."}
{"timestamp":"9.7.2024, 14:00:33","level":"info","message":"Todo created:"}
{"timestamp":"9.7.2024, 14:00:33","level":"info","message":"Fetching todos..."}
{"timestamp":"9.7.2024, 14:00:48","level":"info","message":"Creating todo..."}
{"timestamp":"9.7.2024, 14:00:48","level":"info","message":"Todo created:"}
{"timestamp":"9.7.2024, 14:00:48","level":"info","message":"Fetching todos..."}
{"timestamp":"9.7.2024, 14:01:08","level":"info","message":"Creating todo..."}
{"timestamp":"9.7.2024, 14:01:08","level":"info","message":"Todo created:"}
{"timestamp":"9.7.2024, 14:01:08","level":"info","message":"Fetching todos..."}
{"timestamp":"9.7.2024, 14:01:39","level":"info","message":"Fetching todos..."}
{"timestamp":"9.7.2024, 14:01:39","level":"info","message":"Fetching todos..."}
{"timestamp":"9.7.2024, 14:01:50","level":"info","message":"Creating todo..."}
{"timestamp":"9.7.2024, 14:01:50","level":"info","message":"Todo created:"}
{"timestamp":"9.7.2024, 14:01:50","level":"info","message":"Fetching todos..."}
{"timestamp":"9.7.2024, 14:13:29","level":"info","message":"Fetching todos..."}
{"timestamp":"9.7.2024, 14:13:35","level":"info","message":"Fetching todos..."}
{"timestamp":"9.7.2024, 14:13:35","level":"info","message":"Fetching todos..."}
{"timestamp":"9.7.2024, 15:03:11","level":"info","message":"Fetching todos..."}
{"timestamp":"9.7.2024, 15:03:14","level":"info","message":"Fetching todos..."}
{"timestamp":"9.7.2024, 15:03:38","level":"info","message":"Creating todo..."}
{"timestamp":"9.7.2024, 15:03:38","level":"info","message":"Todo created:"}
{"timestamp":"9.7.2024, 15:07:04","level":"info","message":"Fetching todos..."}
{"timestamp":"9.7.2024, 15:07:09","level":"info","message":"Creating todo..."}
{"timestamp":"9.7.2024, 15:07:09","level":"info","message":"Todo created:"}
{"timestamp":"9.7.2024, 15:07:10","level":"info","message":"Fetching todos..."}
{"timestamp":"9.7.2024, 15:07:16","level":"info","message":"Deleting multiple todos..."}
{"timestamp":"9.7.2024, 15:07:16","level":"info","message":"Todos deleted:"}
{"timestamp":"9.7.2024, 15:07:16","level":"info","message":"Fetching todos..."}
{"timestamp":"9.7.2024, 15:07:18","level":"info","message":"Deleting multiple todos..."}
{"timestamp":"9.7.2024, 15:07:18","level":"info","message":"Todos deleted:"}
{"timestamp":"9.7.2024, 15:07:18","level":"info","message":"Fetching todos..."}
{"timestamp":"9.7.2024, 15:07:19","level":"info","message":"Deleting multiple todos..."}
{"timestamp":"9.7.2024, 15:07:19","level":"info","message":"Todos deleted:"}
{"timestamp":"9.7.2024, 15:07:19","level":"info","message":"Fetching todos..."}
{"timestamp":"9.7.2024, 15:07:21","level":"info","message":"Deleting multiple todos..."}
{"timestamp":"9.7.2024, 15:07:21","level":"info","message":"Todos deleted:"}
{"timestamp":"9.7.2024, 15:07:21","level":"info","message":"Fetching todos..."}
{"timestamp":"9.7.2024, 15:07:22","level":"info","message":"Deleting multiple todos..."}
{"timestamp":"9.7.2024, 15:07:22","level":"info","message":"Todos deleted:"}
{"timestamp":"9.7.2024, 15:07:22","level":"info","message":"Fetching todos..."}
{"timestamp":"9.7.2024, 15:07:24","level":"info","message":"Deleting multiple todos..."}
{"timestamp":"9.7.2024, 15:07:24","level":"info","message":"Todos deleted:"}
{"timestamp":"9.7.2024, 15:07:24","level":"info","message":"Fetching todos..."}
{"timestamp":"9.7.2024, 15:07:25","level":"info","message":"Deleting multiple todos..."}
{"timestamp":"9.7.2024, 15:07:25","level":"info","message":"Todos deleted:"}
{"timestamp":"9.7.2024, 15:07:25","level":"info","message":"Fetching todos..."}
{"timestamp":"9.7.2024, 15:07:27","level":"info","message":"Deleting multiple todos..."}
{"timestamp":"9.7.2024, 15:07:27","level":"info","message":"Todos deleted:"}
{"timestamp":"9.7.2024, 15:07:27","level":"info","message":"Fetching todos..."}
{"timestamp":"9.7.2024, 15:07:28","level":"info","message":"Deleting multiple todos..."}
{"timestamp":"9.7.2024, 15:07:28","level":"info","message":"Todos deleted:"}
{"timestamp":"9.7.2024, 15:07:28","level":"info","message":"Fetching todos..."}
{"timestamp":"9.7.2024, 15:07:30","level":"info","message":"Deleting multiple todos..."}
{"timestamp":"9.7.2024, 15:07:30","level":"info","message":"Todos deleted:"}
{"timestamp":"9.7.2024, 15:07:30","level":"info","message":"Fetching todos..."}
{"timestamp":"9.7.2024, 15:07:32","level":"info","message":"Deleting multiple todos..."}
{"timestamp":"9.7.2024, 15:07:32","level":"info","message":"Todos deleted:"}
{"timestamp":"9.7.2024, 15:07:32","level":"info","message":"Fetching todos..."}
{"timestamp":"9.7.2024, 15:07:33","level":"info","message":"Deleting multiple todos..."}
{"timestamp":"9.7.2024, 15:07:33","level":"info","message":"Todos deleted:"}
{"timestamp":"9.7.2024, 15:07:33","level":"info","message":"Fetching todos..."}
{"timestamp":"9.7.2024, 15:07:35","level":"info","message":"Deleting multiple todos..."}
{"timestamp":"9.7.2024, 15:07:35","level":"info","message":"Todos deleted:"}
{"timestamp":"9.7.2024, 15:07:35","level":"info","message":"Fetching todos..."}
{"timestamp":"9.7.2024, 15:07:37","level":"info","message":"Deleting multiple todos..."}
{"timestamp":"9.7.2024, 15:07:37","level":"info","message":"Todos deleted:"}
{"timestamp":"9.7.2024, 15:07:37","level":"info","message":"Fetching todos..."}
{"timestamp":"9.7.2024, 15:07:41","level":"info","message":"Deleting multiple todos..."}
{"timestamp":"9.7.2024, 15:07:41","level":"info","message":"Todos deleted:"}
{"timestamp":"9.7.2024, 15:07:41","level":"info","message":"Fetching todos..."}
{"timestamp":"9.7.2024, 15:07:43","level":"info","message":"Deleting multiple todos..."}
{"timestamp":"9.7.2024, 15:07:43","level":"info","message":"Todos deleted:"}
{"timestamp":"9.7.2024, 15:07:43","level":"info","message":"Fetching todos..."}
{"timestamp":"9.7.2024, 15:07:45","level":"info","message":"Deleting multiple todos..."}
{"timestamp":"9.7.2024, 15:07:45","level":"info","message":"Todos deleted:"}
{"timestamp":"9.7.2024, 15:07:45","level":"info","message":"Fetching todos..."}
{"timestamp":"9.7.2024, 15:07:47","level":"info","message":"Deleting multiple todos..."}
{"timestamp":"9.7.2024, 15:07:47","level":"info","message":"Todos deleted:"}
{"timestamp":"9.7.2024, 15:07:47","level":"info","message":"Fetching todos..."}
{"timestamp":"9.7.2024, 15:08:53","level":"info","message":"Creating todo..."}
{"timestamp":"9.7.2024, 15:08:53","level":"info","message":"Todo created:"}
{"timestamp":"9.7.2024, 15:08:53","level":"info","message":"Fetching todos..."}
{"timestamp":"9.7.2024, 15:19:54","level":"info","message":"Fetching todos..."}
{"timestamp":"9.7.2024, 15:20:00","level":"info","message":"Creating todo..."}
{"timestamp":"9.7.2024, 15:20:00","level":"info","message":"Todo created:"}
{"timestamp":"9.7.2024, 15:20:00","level":"info","message":"Fetching todos..."}
{"timestamp":"9.7.2024, 16:12:02","level":"info","message":"Fetching todos..."}
{"timestamp":"9.7.2024, 16:12:37","level":"info","message":"Fetching todos..."}
{"timestamp":"9.7.2024, 16:12:37","level":"info","message":"Fetching todos..."}
{"timestamp":"9.7.2024, 16:12:37","level":"info","message":"Fetching todos..."}
{"timestamp":"9.7.2024, 16:12:41","level":"info","message":"Deleting multiple todos..."}
{"timestamp":"9.7.2024, 16:12:41","level":"info","message":"Todos deleted:"}
{"timestamp":"9.7.2024, 16:12:41","level":"info","message":"Fetching todos..."}
{"timestamp":"9.7.2024, 16:12:43","level":"info","message":"Deleting multiple todos..."}
{"timestamp":"9.7.2024, 16:12:43","level":"info","message":"Todos deleted:"}
{"timestamp":"9.7.2024, 16:12:43","level":"info","message":"Fetching todos..."}
{"timestamp":"9.7.2024, 16:12:46","level":"info","message":"Deleting multiple todos..."}
{"timestamp":"9.7.2024, 16:12:46","level":"info","message":"Todos deleted:"}
{"timestamp":"9.7.2024, 16:12:46","level":"info","message":"Fetching todos..."}
{"timestamp":"9.7.2024, 16:12:52","level":"info","message":"Creating todo..."}
{"timestamp":"9.7.2024, 16:12:52","level":"info","message":"Todo created:"}
{"timestamp":"9.7.2024, 16:12:52","level":"info","message":"Fetching todos..."}
{"timestamp":"9.7.2024, 16:13:01","level":"info","message":"Creating todo..."}
{"timestamp":"9.7.2024, 16:13:01","level":"info","message":"Todo created:"}
{"timestamp":"9.7.2024, 16:13:01","level":"info","message":"Fetching todos..."}
{"timestamp":"9.7.2024, 16:13:19","level":"info","message":"Fetching todos..."}
{"timestamp":"9.7.2024, 16:13:35","level":"info","message":"Fetching todos..."}
{"timestamp":"9.7.2024, 16:13:37","level":"info","message":"Deleting multiple todos..."}
{"timestamp":"9.7.2024, 16:13:37","level":"info","message":"Todos deleted:"}
{"timestamp":"9.7.2024, 16:13:37","level":"info","message":"Fetching todos..."}
{"timestamp":"9.7.2024, 16:13:39","level":"info","message":"Deleting multiple todos..."}
{"timestamp":"9.7.2024, 16:13:39","level":"info","message":"Todos deleted:"}
{"timestamp":"9.7.2024, 16:13:39","level":"info","message":"Fetching todos..."}
{"timestamp":"9.7.2024, 16:13:43","level":"info","message":"Creating todo..."}
{"timestamp":"9.7.2024, 16:13:43","level":"info","message":"Todo created:"}
{"timestamp":"9.7.2024, 16:13:58","level":"info","message":"Fetching todos..."}
{"timestamp":"9.7.2024, 16:14:03","level":"info","message":"Creating todo..."}
{"timestamp":"9.7.2024, 16:14:03","level":"info","message":"Todo created:"}
{"timestamp":"9.7.2024, 16:14:03","level":"info","message":"Fetching todos..."}
{"timestamp":"9.7.2024, 16:14:25","level":"info","message":"Fetching todos..."}
{"timestamp":"9.7.2024, 16:14:32","level":"info","message":"Fetching todos..."}
{"timestamp":"9.7.2024, 16:14:47","level":"info","message":"Deleting multiple todos..."}
{"timestamp":"9.7.2024, 16:14:47","level":"info","message":"Todos deleted:"}
{"timestamp":"9.7.2024, 16:14:47","level":"info","message":"Fetching todos..."}
{"timestamp":"9.7.2024, 16:14:50","level":"info","message":"Deleting multiple todos..."}
{"timestamp":"9.7.2024, 16:14:50","level":"info","message":"Todos deleted:"}
{"timestamp":"9.7.2024, 16:14:50","level":"info","message":"Fetching todos..."}
{"timestamp":"9.7.2024, 16:14:52","level":"info","message":"Deleting multiple todos..."}
{"timestamp":"9.7.2024, 16:14:52","level":"info","message":"Todos deleted:"}
{"timestamp":"9.7.2024, 16:14:52","level":"info","message":"Fetching todos..."}
{"timestamp":"9.7.2024, 16:14:57","level":"info","message":"Creating todo..."}
{"timestamp":"9.7.2024, 16:14:57","level":"info","message":"Todo created:"}
{"timestamp":"9.7.2024, 16:14:57","level":"info","message":"Fetching todos..."}
{"timestamp":"9.7.2024, 16:15:31","level":"info","message":"Creating todo..."}
{"timestamp":"9.7.2024, 16:15:31","level":"info","message":"Todo created:"}
{"timestamp":"9.7.2024, 16:15:31","level":"info","message":"Fetching todos..."}
{"timestamp":"9.7.2024, 16:15:56","level":"info","message":"Fetching todos..."}
{"timestamp":"9.7.2024, 16:16:03","level":"info","message":"Creating todo..."}
{"timestamp":"9.7.2024, 16:16:03","level":"info","message":"Todo created:"}
{"timestamp":"9.7.2024, 16:16:10","level":"info","message":"Fetching todos..."}
{"timestamp":"9.7.2024, 16:16:45","level":"info","message":"Fetching todos..."}
{"timestamp":"9.7.2024, 16:16:51","level":"info","message":"Creating todo..."}
{"timestamp":"9.7.2024, 16:16:51","level":"info","message":"Todo created:"}
{"timestamp":"9.7.2024, 16:17:03","level":"info","message":"Fetching todos..."}
{"timestamp":"9.7.2024, 16:17:04","level":"info","message":"Fetching todos..."}
{"timestamp":"9.7.2024, 16:17:09","level":"info","message":"Creating todo..."}
{"timestamp":"9.7.2024, 16:17:09","level":"info","message":"Todo created:"}
{"timestamp":"9.7.2024, 16:17:09","level":"info","message":"Fetching todos..."}
{"timestamp":"9.7.2024, 16:17:19","level":"info","message":"Fetching todos..."}
{"timestamp":"9.7.2024, 16:17:24","level":"info","message":"Creating todo..."}
{"timestamp":"9.7.2024, 16:17:24","level":"info","message":"Todo created:"}
{"timestamp":"9.7.2024, 16:17:34","level":"info","message":"Fetching todos..."}
{"timestamp":"9.7.2024, 16:17:37","level":"info","message":"Creating todo..."}
{"timestamp":"9.7.2024, 16:17:37","level":"info","message":"Todo created:"}
{"timestamp":"9.7.2024, 16:17:37","level":"info","message":"Fetching todos..."}
{"timestamp":"9.7.2024, 16:27:45","level":"info","message":"Fetching todos..."}
{"timestamp":"9.7.2024, 16:27:45","level":"info","message":"Fetching todos..."}
{"timestamp":"9.7.2024, 16:27:47","level":"info","message":"Fetching todos..."}
{"timestamp":"9.7.2024, 16:27:55","level":"info","message":"Fetching todos..."}
{"timestamp":"9.7.2024, 16:28:47","level":"info","message":"Deleting multiple todos..."}
{"timestamp":"9.7.2024, 16:28:47","level":"info","message":"Todos deleted:"}
{"timestamp":"9.7.2024, 16:28:47","level":"info","message":"Fetching todos..."}
{"timestamp":"9.7.2024, 16:28:49","level":"info","message":"Deleting multiple todos..."}
{"timestamp":"9.7.2024, 16:28:49","level":"info","message":"Todos deleted:"}
{"timestamp":"9.7.2024, 16:28:49","level":"info","message":"Fetching todos..."}
{"timestamp":"9.7.2024, 16:28:50","level":"info","message":"Deleting multiple todos..."}
{"timestamp":"9.7.2024, 16:28:50","level":"info","message":"Todos deleted:"}
{"timestamp":"9.7.2024, 16:28:50","level":"info","message":"Fetching todos..."}
{"timestamp":"9.7.2024, 16:28:52","level":"info","message":"Deleting multiple todos..."}
{"timestamp":"9.7.2024, 16:28:52","level":"info","message":"Todos deleted:"}
{"timestamp":"9.7.2024, 16:28:52","level":"info","message":"Fetching todos..."}
{"timestamp":"9.7.2024, 16:28:54","level":"info","message":"Deleting multiple todos..."}
{"timestamp":"9.7.2024, 16:28:54","level":"info","message":"Todos deleted:"}
{"timestamp":"9.7.2024, 16:28:54","level":"info","message":"Fetching todos..."}
{"timestamp":"9.7.2024, 16:28:55","level":"info","message":"Deleting multiple todos..."}
{"timestamp":"9.7.2024, 16:28:55","level":"info","message":"Todos deleted:"}
{"timestamp":"9.7.2024, 16:28:55","level":"info","message":"Fetching todos..."}
{"timestamp":"9.7.2024, 16:28:57","level":"info","message":"Deleting multiple todos..."}
{"timestamp":"9.7.2024, 16:28:57","level":"info","message":"Todos deleted:"}
{"timestamp":"9.7.2024, 16:28:57","level":"info","message":"Fetching todos..."}
{"timestamp":"9.7.2024, 16:29:01","level":"info","message":"Creating todo..."}
{"timestamp":"9.7.2024, 16:29:01","level":"info","message":"Todo created:"}
{"timestamp":"9.7.2024, 16:29:10","level":"info","message":"Creating todo..."}
{"timestamp":"9.7.2024, 16:29:10","level":"info","message":"Todo created:"}
{"timestamp":"9.7.2024, 16:29:46","level":"info","message":"Fetching todos..."}
{"timestamp":"9.7.2024, 16:30:12","level":"info","message":"Creating todo..."}
{"timestamp":"9.7.2024, 16:30:12","level":"info","message":"Todo created:"}
{"timestamp":"9.7.2024, 16:30:30","level":"info","message":"Creating todo..."}
{"timestamp":"9.7.2024, 16:30:30","level":"info","message":"Todo created:"}
{"timestamp":"9.7.2024, 16:31:23","level":"info","message":"Fetching todos..."}
{"timestamp":"9.7.2024, 16:57:55","level":"info","message":"Fetching todos..."}
{"timestamp":"9.7.2024, 16:57:58","level":"info","message":"Deleting multiple todos..."}
{"timestamp":"9.7.2024, 16:57:58","level":"info","message":"Todos deleted:"}
{"timestamp":"9.7.2024, 16:57:58","level":"info","message":"Fetching todos..."}
{"timestamp":"9.7.2024, 16:58:00","level":"info","message":"Deleting multiple todos..."}
{"timestamp":"9.7.2024, 16:58:00","level":"info","message":"Todos deleted:"}
{"timestamp":"9.7.2024, 16:58:00","level":"info","message":"Fetching todos..."}
{"timestamp":"9.7.2024, 16:58:02","level":"info","message":"Deleting multiple todos..."}
{"timestamp":"9.7.2024, 16:58:02","level":"info","message":"Todos deleted:"}
{"timestamp":"9.7.2024, 16:58:02","level":"info","message":"Fetching todos..."}
{"timestamp":"9.7.2024, 16:58:03","level":"info","message":"Deleting multiple todos..."}
{"timestamp":"9.7.2024, 16:58:03","level":"info","message":"Todos deleted:"}
{"timestamp":"9.7.2024, 16:58:03","level":"info","message":"Fetching todos..."}
{"timestamp":"9.7.2024, 16:58:11","level":"info","message":"Creating todo..."}
{"timestamp":"9.7.2024, 16:58:11","level":"info","message":"Todo created:"}
{"timestamp":"9.7.2024, 16:58:25","level":"info","message":"Creating todo..."}
{"timestamp":"9.7.2024, 16:58:25","level":"info","message":"Todo created:"}
{"timestamp":"9.7.2024, 16:59:29","level":"info","message":"Fetching todos..."}
{"timestamp":"9.7.2024, 16:59:31","level":"info","message":"Fetching todos..."}
{"timestamp":"9.7.2024, 17:01:18","level":"info","message":"Creating todo..."}
{"timestamp":"9.7.2024, 17:01:18","level":"info","message":"Todo created:"}
{"timestamp":"9.7.2024, 17:02:08","level":"info","message":"Fetching todos..."}
{"timestamp":"9.7.2024, 17:18:28","level":"info","message":"Fetching todos..."}
{"timestamp":"9.7.2024, 17:18:51","level":"info","message":"Fetching todos..."}
{"timestamp":"9.7.2024, 17:18:57","level":"info","message":"Fetching todos..."}
{"timestamp":"9.7.2024, 17:19:01","level":"info","message":"Fetching todos..."}
{"timestamp":"9.7.2024, 17:19:04","level":"info","message":"Fetching todos..."}
{"timestamp":"9.7.2024, 17:19:13","level":"info","message":"Fetching todos..."}
{"timestamp":"9.7.2024, 17:19:29","level":"info","message":"Fetching todos..."}
{"timestamp":"9.7.2024, 17:19:35","level":"info","message":"Fetching todos..."}
{"timestamp":"9.7.2024, 17:19:38","level":"info","message":"Fetching todos..."}
{"timestamp":"9.7.2024, 17:19:45","level":"info","message":"Fetching todos..."}
{"timestamp":"9.7.2024, 17:19:55","level":"info","message":"Fetching todos..."}
{"timestamp":"9.7.2024, 17:19:58","level":"info","message":"Fetching todos..."}
{"timestamp":"9.7.2024, 17:20:02","level":"info","message":"Fetching todos..."}
{"timestamp":"9.7.2024, 17:20:51","level":"info","message":"Fetching todos..."}
{"timestamp":"9.7.2024, 17:20:51","level":"info","message":"Fetching todos..."}
{"timestamp":"9.7.2024, 17:24:19","level":"info","message":"Fetching todos..."}
{"timestamp":"9.7.2024, 17:24:19","level":"info","message":"Fetching todos..."}
{"timestamp":"9.7.2024, 17:24:19","level":"info","message":"Fetching todos..."}
{"timestamp":"9.7.2024, 17:24:19","level":"info","message":"Fetching todos..."}
{"timestamp":"9.7.2024, 17:24:26","level":"info","message":"Fetching todos..."}
{"timestamp":"9.7.2024, 17:24:26","level":"info","message":"Fetching todos..."}
{"timestamp":"9.7.2024, 17:33:43","level":"info","message":"Fetching todos..."}
{"timestamp":"9.7.2024, 17:33:43","level":"info","message":"Fetching todos..."}
{"timestamp":"9.7.2024, 17:33:47","level":"info","message":"Fetching todos..."}
{"timestamp":"9.7.2024, 17:33:59","level":"info","message":"Fetching todos..."}
{"timestamp":"9.7.2024, 17:34:00","level":"info","message":"Fetching todos..."}
{"timestamp":"9.7.2024, 17:34:08","level":"info","message":"Fetching todos..."}
{"timestamp":"9.7.2024, 17:34:18","level":"info","message":"Fetching todos..."}
{"timestamp":"9.7.2024, 17:34:20","level":"info","message":"Deleting multiple todos..."}
{"timestamp":"9.7.2024, 17:34:20","level":"info","message":"Todos deleted:"}
{"timestamp":"9.7.2024, 17:34:20","level":"info","message":"Fetching todos..."}
{"timestamp":"9.7.2024, 17:34:33","level":"info","message":"Fetching todos..."}
{"timestamp":"9.7.2024, 17:34:38","level":"info","message":"Deleting multiple todos..."}
{"timestamp":"9.7.2024, 17:34:38","level":"info","message":"Todos deleted:"}
{"timestamp":"9.7.2024, 17:34:38","level":"info","message":"Fetching todos..."}
{"timestamp":"9.7.2024, 17:35:14","level":"info","message":"Starting server..."}
{"timestamp":"9.7.2024, 17:35:14","level":"info","message":"Connected to the database"}
{"timestamp":"9.7.2024, 17:35:15","level":"info","message":"Server is running on http://localhost:4000/graphql"}
{"timestamp":"9.7.2024, 17:35:24","level":"info","message":"Starting server..."}
{"timestamp":"9.7.2024, 17:35:24","level":"info","message":"Connected to the database"}
{"timestamp":"9.7.2024, 17:35:24","level":"info","message":"Server is running on http://localhost:4000/graphql"}
{"timestamp":"9.7.2024, 17:35:41","level":"info","message":"Deleting multiple todos..."}
{"timestamp":"9.7.2024, 17:35:41","level":"info","message":"Todos deleted:"}
{"timestamp":"9.7.2024, 17:45:44","level":"info","message":"Starting server..."}
{"timestamp":"9.7.2024, 17:45:44","level":"info","message":"Connected to the database"}
{"timestamp":"9.7.2024, 17:45:44","level":"info","message":"Server is running on http://localhost:4000/graphql"}
{"timestamp":"9.7.2024, 17:46:07","level":"info","message":"Starting server..."}
{"timestamp":"9.7.2024, 17:46:08","level":"info","message":"Connected to the database"}
{"timestamp":"9.7.2024, 17:46:08","level":"info","message":"Server is running on http://localhost:4000/graphql"}
{"timestamp":"9.7.2024, 17:46:14","level":"info","message":"Fetching todos..."}
{"timestamp":"9.7.2024, 17:46:19","level":"info","message":"Creating todo..."}
{"timestamp":"9.7.2024, 17:46:19","level":"info","message":"Todo created:"}
{"timestamp":"9.7.2024, 17:46:22","level":"info","message":"Deleting multiple todos..."}
{"timestamp":"9.7.2024, 17:46:22","level":"info","message":"Todos deleted:"}
{"timestamp":"9.7.2024, 17:46:22","level":"info","message":"Fetching todos..."}
{"timestamp":"9.7.2024, 17:46:38","level":"info","message":"Creating todo..."}
{"timestamp":"9.7.2024, 17:46:38","level":"info","message":"Todo created:"}
{"timestamp":"9.7.2024, 17:46:45","level":"info","message":"Creating todo..."}
{"timestamp":"9.7.2024, 17:46:45","level":"info","message":"Todo created:"}
{"timestamp":"9.7.2024, 17:46:49","level":"info","message":"Deleting multiple todos..."}
{"timestamp":"9.7.2024, 17:46:49","level":"info","message":"Todos deleted:"}
{"timestamp":"9.7.2024, 17:46:49","level":"info","message":"Fetching todos..."}
{"timestamp":"9.7.2024, 18:51:25","level":"info","message":"Fetching todos..."}
{"timestamp":"9.7.2024, 18:51:29","level":"info","message":"Fetching todos..."}
{"timestamp":"9.7.2024, 18:51:57","level":"info","message":"Fetching todos..."}
{"timestamp":"9.7.2024, 18:51:58","level":"info","message":"Fetching todos..."}
{"timestamp":"9.7.2024, 18:51:59","level":"info","message":"Fetching todos..."}
{"timestamp":"9.7.2024, 19:01:46","level":"info","message":"Fetching todos..."}
{"timestamp":"9.7.2024, 19:02:35","level":"info","message":"Fetching todos..."}
{"timestamp":"9.7.2024, 19:02:35","level":"info","message":"Fetching todos..."}
{"timestamp":"9.7.2024, 19:02:36","level":"info","message":"Fetching todos..."}
{"timestamp":"9.7.2024, 19:02:43","level":"info","message":"Creating todo..."}
{"timestamp":"9.7.2024, 19:02:43","level":"info","message":"Todo created:"}
{"timestamp":"9.7.2024, 19:02:46","level":"info","message":"Deleting multiple todos..."}
{"timestamp":"9.7.2024, 19:02:46","level":"info","message":"Todos deleted:"}
{"timestamp":"9.7.2024, 19:02:46","level":"info","message":"Fetching todos..."}
{"timestamp":"9.7.2024, 19:02:58","level":"info","message":"Creating todo..."}
{"timestamp":"9.7.2024, 19:02:58","level":"info","message":"Todo created:"}
{"timestamp":"9.7.2024, 19:03:00","level":"info","message":"Deleting multiple todos..."}
{"timestamp":"9.7.2024, 19:03:00","level":"info","message":"Todos deleted:"}
{"timestamp":"9.7.2024, 19:03:00","level":"info","message":"Fetching todos..."}
{"timestamp":"9.7.2024, 19:04:40","level":"info","message":"Fetching todos..."}
{"timestamp":"9.7.2024, 19:04:44","level":"info","message":"Creating todo..."}
{"timestamp":"9.7.2024, 19:04:44","level":"info","message":"Todo created:"}
{"timestamp":"9.7.2024, 19:04:47","level":"info","message":"Deleting multiple todos..."}
{"timestamp":"9.7.2024, 19:04:47","level":"info","message":"Todos deleted:"}
{"timestamp":"9.7.2024, 19:05:25","level":"info","message":"Fetching todos..."}
{"timestamp":"9.7.2024, 19:05:29","level":"info","message":"Creating todo..."}
{"timestamp":"9.7.2024, 19:05:29","level":"info","message":"Todo created:"}
{"timestamp":"9.7.2024, 19:05:44","level":"info","message":"Fetching todos..."}
{"timestamp":"9.7.2024, 19:05:46","level":"info","message":"Deleting multiple todos..."}
{"timestamp":"9.7.2024, 19:05:46","level":"info","message":"Todos deleted:"}
{"timestamp":"9.7.2024, 19:05:54","level":"info","message":"Fetching todos..."}
{"timestamp":"9.7.2024, 19:06:03","level":"info","message":"Creating todo..."}
{"timestamp":"9.7.2024, 19:06:03","level":"info","message":"Todo created:"}
{"timestamp":"9.7.2024, 19:06:10","level":"info","message":"Deleting multiple todos..."}
{"timestamp":"9.7.2024, 19:06:10","level":"info","message":"Todos deleted:"}
{"timestamp":"9.7.2024, 19:06:40","level":"info","message":"Fetching todos..."}
{"timestamp":"9.7.2024, 19:06:42","level":"info","message":"Fetching todos..."}
{"timestamp":"9.7.2024, 19:06:49","level":"info","message":"Fetching todos..."}
{"timestamp":"9.7.2024, 19:06:51","level":"info","message":"Creating todo..."}
{"timestamp":"9.7.2024, 19:06:51","level":"info","message":"Todo created:"}
{"timestamp":"9.7.2024, 19:07:03","level":"info","message":"Fetching todos..."}
{"timestamp":"11.7.2024, 9:48:32","level":"info","message":"Starting server..."}
{"timestamp":"11.7.2024, 9:48:32","level":"info","message":"Connected to the database"}
{"timestamp":"11.7.2024, 9:48:32","level":"info","message":"Server is running on http://localhost:4000/graphql"}
{"timestamp":"11.7.2024, 9:49:09","level":"info","message":"Fetching todos..."}
{"timestamp":"11.7.2024, 9:49:13","level":"info","message":"Fetching todos..."}
{"timestamp":"18.7.2024, 17:11:56","level":"info","message":"Starting server..."}
{"timestamp":"18.7.2024, 17:11:57","level":"info","message":"Connected to the database"}
{"timestamp":"18.7.2024, 17:11:57","level":"info","message":"Server is running on http://localhost:4000/graphql"}
{"timestamp":"18.7.2024, 17:12:06","level":"info","message":"Fetching todos..."}
{"timestamp":"18.7.2024, 17:12:13","level":"info","message":"Creating todo..."}
{"timestamp":"18.7.2024, 17:12:13","level":"info","message":"Todo created:"}
{"timestamp":"21.7.2024, 10:56:27","level":"info","message":"Starting server..."}
{"timestamp":"21.7.2024, 10:56:28","level":"info","message":"Connected to the database"}
{"timestamp":"21.7.2024, 10:56:28","level":"info","message":"Server is running on http://localhost:4000/graphql"}
{"timestamp":"4.9.2024, 14:10:57","level":"info","message":"Starting server..."}
{"timestamp":"4.9.2024, 14:10:58","level":"info","message":"Connected to the database"}
{"timestamp":"4.9.2024, 14:10:58","level":"info","message":"Server is running on http://localhost:4000/graphql"}
{"timestamp":"4.9.2024, 14:14:23","level":"info","message":"Fetching todos..."}
{"timestamp":"4.9.2024, 14:14:58","level":"info","message":"Fetching todos..."}
{"timestamp":"29.9.2024, 10:14:34","level":"info","message":"Fetching todos..."}
{"timestamp":"1.10.2024, 11:38:47","level":"info","message":"Fetching todos..."}
{"timestamp":"9.12.2024, 13:57:23","level":"info","message":"Starting server..."}
{"timestamp":"9.12.2024, 13:57:23","level":"info","message":"Connected to the database"}
{"timestamp":"9.12.2024, 13:57:23","level":"info","message":"Server is running on http://localhost:4000/graphql"}
{"timestamp":"9.12.2024, 13:57:34","level":"info","message":"Creating todo..."}
{"timestamp":"9.12.2024, 13:57:34","level":"info","message":"Todo created:"}
{"timestamp":"9.12.2024, 13:57:56","level":"info","message":"Creating todo..."}
{"timestamp":"9.12.2024, 13:57:56","level":"info","message":"Todo created:"}
{"timestamp":"9.12.2024, 13:58:50","level":"info","message":"Creating todo..."}
{"timestamp":"9.12.2024, 13:58:50","level":"info","message":"Todo created:"}
{"timestamp":"9.12.2024, 13:59:14","level":"info","message":"Creating todo..."}
{"timestamp":"9.12.2024, 13:59:14","level":"info","message":"Todo created:"}
{"timestamp":"9.12.2024, 14:28:35","level":"info","message":"Fetching todos..."}
{"timestamp":"9.12.2024, 14:28:58","level":"info","message":"Creating todo..."}
{"timestamp":"9.12.2024, 14:28:58","level":"info","message":"Todo created:"}
{"timestamp":"9.12.2024, 14:30:00","level":"info","message":"Fetching todos..."}
{"timestamp":"9.12.2024, 14:39:54","level":"info","message":"Creating todo..."}
{"timestamp":"9.12.2024, 14:39:54","level":"info","message":"Todo created:"}
{"timestamp":"12.12.2024, 11:51:28","level":"info","message":"Fetching todos..."}
{"timestamp":"12.12.2024, 11:51:30","level":"info","message":"Fetching todos..."}
{"timestamp":"12.12.2024, 11:51:33","level":"info","message":"Fetching todos..."}
{"timestamp":"12.12.2024, 11:51:34","level":"info","message":"Fetching todos..."}
{"timestamp":"12.12.2024, 11:51:43","level":"info","message":"Fetching todos..."}
{"timestamp":"15.12.2024, 13:20:57","level":"info","message":"Creating todo..."}
{"timestamp":"15.12.2024, 13:20:57","level":"info","message":"Todo created:"}
{"timestamp":"15.1.2025, 16:53:09","level":"info","message":"Starting server..."}
{"timestamp":"15.1.2025, 16:53:10","level":"info","message":"Connected to the database"}
{"timestamp":"15.1.2025, 16:53:10","level":"info","message":"Server is running on http://localhost:4000/graphql"}
{"timestamp":"15.1.2025, 16:53:10","level":"info","message":"Fetching todos..."}
{"timestamp":"15.1.2025, 16:53:42","level":"info","message":"Fetching todos..."}
{"timestamp":"15.1.2025, 16:53:42","level":"info","message":"Fetching todos..."}
{"timestamp":"15.1.2025, 16:53:43","level":"info","message":"Fetching todos..."}
{"timestamp":"28.3.2025, 13:33:53","level":"info","message":"Starting server..."}
{"timestamp":"28.3.2025, 13:33:54","level":"info","message":"Connected to the database"}
{"timestamp":"28.3.2025, 13:33:54","level":"info","message":"Server is running on http://localhost:4000/graphql"}
{"timestamp":"28.3.2025, 13:34:20","level":"info","message":"Creating todo..."}
{"timestamp":"28.3.2025, 13:34:20","level":"info","message":"Todo created:"}
{"timestamp":"28.3.2025, 13:34:29","level":"info","message":"Fetching todos..."}
{"timestamp":"28.3.2025, 13:35:22","level":"info","message":"Fetching todos..."}
{"timestamp":"28.3.2025, 13:36:04","level":"info","message":"Fetching todos..."}
{"timestamp":"28.3.2025, 13:36:12","level":"info","message":"Creating todo..."}
{"timestamp":"28.3.2025, 13:36:12","level":"info","message":"Todo created:"}
{"timestamp":"28.3.2025, 13:37:43","level":"info","message":"Fetching todos..."}
